"County","Market Name","Market Location","Address Line 1","City","State","Zip","Contact","Phone","Market Link","Operation Hours","Operation Season","Operating Months","FMNP","SNAP","FCC Issued","FCC Accepted","WIC VF","Latitude","Longitude","Georeference_1"
"Albany","Altamont Orchards Farm Stand","6654 Dunnsville Rd Altamont","6654 Dunnsville Road","Altamont","NY","12009","Jim Abbruzzese","5188616515","http://www.altamontorchards.com","Mon-Fri 10am-5pm, Sat/Sun 9:30am-4pm","June 1-November 30","M/X","Y","N","N","Y","N","42.72256","-74.01493","POINT (-74.01493 42.72256)"
"Albany","Delaware Community Farmers' Market","Delaware Branch Library parking lot, 331 Delaware Ave Albany","331 Delaware Ave","Albany","NY","12209","Louise McNeilly","5184320516",,"Tue 4pm-7pm","June 23-November 3","M","Y","Y","Y","Y","N","42.64305","-73.77824","POINT (-73.77824 42.64305)"
"Albany","Delmar Farmers' Market","Bethlehem Middle School, 332 Kenwood Ave","332 Kenwood Avenue","Delmar","NY","12054","Mary Ann Gonzalez","5182506823","http://www.delmarmarket.org","Sat 9am-1pm","May 2-December 19","P/M/X","Y","N","N","Y","N","42.62034","-73.8257","POINT (-73.8257 42.62034)"
"Albany","Empire State Plaza Wed Farmers' Market","Empire State Plaza, (Winter inside South Concourse)","170 State St","Albany","NY","12210","Nicholas DeBlois","5184744759","http://empirestateplaza.ny.gov/empire-state-plaza-farmers-market","Wed 10am-2pm","Year-round","YR","N","Y","Y","Y","N","42.65068","-73.758","POINT (-73.758 42.65068)"
"Albany","Gade Farm Farm Stand","2479 Western Ave Altamont","2479 Western Avenue","Altamont","NY","12009","Amy Castillo","5188698019","http://www.gadefarm.com","Mon-Fri 9am-6pm, Sun/Sat 9am-4pm","January 23-December 24","W/P/M/X","Y","N","N","Y","N","42.71055","-73.92593","POINT (-73.92593 42.71055)"
"Albany","Lansing Farm Stand","204 Lisha Kill Rd Colonie","204 LishaKill","Colonie","NY","12309","Al Or Jessica Lansing","5184640889","http://www.lansingfarmmarket.com","Mon-Fri 10am-5:30pm, Sat/Sun 9am-4pm","May 1-December 10","P/M/X","Y","N","N","Y","N","42.7629","-73.85447","POINT (-73.85447 42.7629)"
"Albany","Town of Colonie Farmers' Market","580 Albany Shaker Rd Loudonville","580 Albany Shaker Rd","Colonie","NY","12211","Tara Booker","5187832760","http://www.colonie.org","Sat 9am-1pm","May 16-September 19","P/M","Y","N","N","Y","N","42.71016","-73.78029","POINT (-73.78029 42.71016)"
"Albany","Veggie Mobile Sprout-Eugene Hanratta Senior Housing","500 16th St Watervliet","500 16th Street","Watervliet","NY","12189","Collin Parliman","5182748685",,"Fri 12:30pm-1:15pm","Year-round","YR","Y","Y","N","Y","N","42.728","-73.70509","POINT (-73.70509 42.728)"
"Albany","Veggie Mobile Sprout-Ogden Mills Apartments","Ogden Mills Plaza Cohoes","Ogden Mills Plaza","Cohoes","NY","12047","Collin Parliman","5182748685",,"Wed 2:30pm-3:30pm","Year-round","YR","Y","Y","N","Y","N","42.77485","-73.7026","POINT (-73.7026 42.77485)"
"Albany","Veggie Mobile Sprout-St. Sophia Church","440 Whitehall Rd Albany","440 Whitehall Road","Albany","NY","12208","Collin Parliman","5182748685","http://www.capitalroots.org","Wed 11:30am-12:30pm","Year-round","YR","Y","Y","N","Y","N","42.65197","-73.81477","POINT (-73.81477 42.65197)"
"Albany","Veggie Mobile Sprout-Westview Homes","680 Central Ave Albany","680 Central Avenue","Albany","NY","12206","Collin Parliman","5182748685",,"Tue 11:45am-12:30pm","Year-round","YR","Y","Y","N","Y","N","42.6746","-73.78474","POINT (-73.78474 42.6746)"
"Albany","Veggie Mobile-Capital Green Apartments","400 Central Ave Albany","400 Central Avenue","Albany","NY","12206","Collin Parliman","5182748685",,"Thu 2pm-2:45pm","Year-round","YR","Y","Y","N","Y","N","42.6677","-73.77645","POINT (-73.77645 42.6677)"
"Albany","Veggie Mobile-Cohoes Senior Ctr","10 Cayuga Plaza Cohoes","10 Cayuga Plaza","Cohoes","NY","12047","Collin Parliman","5182748685","http://www.capitalroots.org","Wed 2pm-3pm","Year-round","YR","Y","Y","N","Y","N","42.77603","-73.70103","POINT (-73.70103 42.77603)"
"Albany","Veggie Mobile-Drake Manor Idlewild Terrace","112 2nd St Albany","112 2nd Street","Albany","NY","12210","Collin Parliman","5182748685",,"Tue 1:15pm-2pm","Year-round","YR","Y","Y","N","Y","N","42.65986","-73.75648","POINT (-73.75648 42.65986)"
"Albany","Veggie Mobile-South Mall Towers","101 S Pearl St Albany","101 South Pearl Street","Albany","NY","12207","Collin Parliman","5182748685","http://www.capitalroots.org","Fri 10:30am-11:30am","Year-round","YR","Y","Y","N","Y","N","42.6465","-73.75482","POINT (-73.75482 42.6465)"
"Albany","Veggie Mobile-Steamboat Square Apts","200 Green St Albany","200 Green Street","Albany","NY","12202","Collin Parliman","5182748685","http://www.capitalroots.org","Thu 3pm-3:45pm","Year-round","YR","Y","Y","N","Y","N","42.64071","-73.75345","POINT (-73.75345 42.64071)"
"Albany","Veggie Mobile-Thurlow Terrace","2 Thurlow Terrace Albany","2 Thurlow Terrace","Albany","NY","12203","Collin Parliman","5182748685","http://www.capitalroots.org","Wed 12:45pm-1:30pm","Year-round","YR","Y","Y","N","Y","N","42.65998","-73.77276","POINT (-73.77276 42.65998)"
"Albany","Veggie Mobile-USCRI","155 Washington Ave Albany","155 Washington Avenue","Albany","NY","12210","Collin Parliman","5182748685",,"Tue 12:15pm-1pm","Year-round","YR","Y","Y","N","Y","N","42.65641","-73.76178","POINT (-73.76178 42.65641)"
"Albany","Veggie Mobile-Whitney Young Health Ctr","920 Lark Dr Albany","920 Lark Drive","Albany","NY","12207","Collin Parliman","5182748685","http://www.capitalroots.org","Tue 11am-12pm","Year-round","YR","Y","Y","N","Y","N","42.66215","-73.74859","POINT (-73.74859 42.66215)"
"Albany","Voorheesville Farmers' Market","First United Methodist Church lot, 68 Maple Ave","68 Maple Ave","Voorheesville","NY","12186","Dianne Luci","5187654536","https://www.voorheesvillefarmersmarket.com/","Wed 3:30pm-6:30pm","June 17-September 30","M","Y","N","N","Y","N","42.64892","-73.92991","POINT (-73.92991 42.64892)"
"Allegany","Alfred Farmers' Market","3 South Main St","3 South Main Street Alfred Bandstand","Alfred","NY","14802","Kim Hannigan","5856108478","http://www.alfredfarmersmarket.com","Sun 11am-3pm","June 7-October 11","M","Y","N","N","Y","N","42.25359","-77.79036","POINT (-77.79036 42.25359)"
"Allegany","Alfred Winter Farmers' Market","Union University Church Center, 29 N Main St","29 N. Main St.","Alfred","NY","14802","Kim Hannigan","5856108478","http://www.alfredfarmersmarket.com","Sun 11am-2pm, Monthly","November-April","W/P/X","N","N","N","Y","N","42.25483","-77.79041","POINT (-77.79041 42.25483)"
"Allegany","Angelica Farmers' Market","49 Park Circle","49 Park Circle","Angelica","NY","14709","Don Ash","5857478499","https://angelicafarmersmrkt.wixsite.com/angelicafarmersmrkt","Sat 10am-2pm","June 13-September 26","M","Y","N","N","Y","N","42.30537","-78.01551","POINT (-78.01551 42.30537)"
"Allegany","Belmont Farmers' Market","5429 State Route 19N","5429 NYS Route 19 N","Belmont","NY","14813","Debra Wagoner","5856108836",,"Thu 11am-3pm","June 4-October 8","M","Y","N","N","Y","N","42.2356","-78.05212","POINT (-78.05212 42.2356)"
"Allegany","Ramsey Fresh Foods Farm Stand","3702 State Route 19 Scio","3702 State Route 19","Scio","NY","14880","Alissa & John Ramsey","5855969151",,"Tue-Fri/Sun 1pm-7pm, Mon/Sat 11am-7pm","June 1-November 1","M","Y","N","N","Y","N","42.16076","-77.98063","POINT (-77.98063 42.16076)"
"Allegany","Wagoner Bees & Produce Farm Stand","11137 Wayne Rd Fillmore","11137 Wayne Rd.","Fillmore","NY","14735","Terry Wagoner","5856108837",,"Sun-Wed/Fri 1pm-6pm, Sat 10am-6pm","May 22-November 1","P/M","Y","N","N","Y","N","42.48048","-78.09067","POINT (-78.09067 42.48048)"
"Bronx","170 Farm Stand","1406 Townsend Ave & 170th St","1411 Townsend Ave","Bronx","NY","10452","Regina Harrell","7187585901","http://www.newsettlement.org/170FarmStand","Wed 2pm-6pm","July 8-November 25","M","Y","N","N","Y","N","40.84009","-73.9166","POINT (-73.9166 40.84009)"
"Bronx","Bissel Gardens Sat Farmers' Market","Baychester Ave below E 241 St intersection","Baychester Ave and East 241st St","Bronx","NY","10470","Heather Dombrowa","3474272547","http://www.bisselgardens.org","Sat 8:30am-4pm","July 11-November 21","M","Y","Y","N","Y","N","40.90151","-73.84702","POINT (-73.84702 40.90151)"
"Bronx","Bissel Gardens Wed Farmers' Market","Baychester Ave below E 241 St intersection","Baychester Avenue and East 241 Street","Bronx","NY","10470","Heather Dombrowa","3474272547","http://www.bisselgardens.org","Wed 8:30am-3pm","July 8-November 18","M","Y","Y","N","Y","N","40.90152","-73.84692","POINT (-73.84692 40.90152)"
"Bronx","Bronx Borough Hall Greenmarket","161st & Grand Concourse","900 Concourse Plaza","Bronx","NY","10451","Daniel Olavarria","2127887900","http://www.grownyc.org/greenmarket","Tue 8am-4pm","June 2-November 24","M","Y","Y","N","Y","Y","40.82554","-73.91838","POINT (-73.91838 40.82554)"
"Bronx","Bronx Park East Farmers' Market","2045 Bronx Park E","2222 Bronx Park E","Bronx","NY","12748","Judith Desire","3473917189","http://bxpemarket.com","Sun 9am-4pm","June 7-November 22","M","Y","Y","N","Y","N","40.8521","-73.86869","POINT (-73.86869 40.8521)"
"Bronx","BronxWorks Farm Stand","1130 Grand Concourse","1130 Grand Concourse","Bronx","NY","10456","Rachel Gill","7185083156",,"Thu 10am-2pm","July 9-November 19","M","Y","N","N","Y","N","40.83256","-73.9192","POINT (-73.9192 40.83256)"
"Bronx","Harvest Home Co-op City Farmers' Market","21 Asch Loop & Aldrich St next to firehouse","21 Asch Loop","Bronx","NY","10475","Perla Vazquez","2128283361","http://www.harvesthomefm.org","Wed/Sat 8am-3pm","May 13-November 25","P/M","Y","Y","N","Y","N","40.87025","-73.83097","POINT (-73.83097 40.87025)"
"Bronx","Harvest Home Hunts Point Farmers' Market","Hunts Point Ave & E 163 St","884 Southern Blvd.","Bronx","NY","10474","Perla Vazquez","2128283361","http://www.harvesthomefm.org","Wed 8am-4pm","May 13-November 25","P/M","Y","Y","N","Y","N","40.81323","-73.88711","POINT (-73.88711 40.81323)"
"Bronx","Harvest Home Jacobi Hospital Fri Farmers' Market","1400 Pelham Parkway","1400 Pelham Parkway","Bronx","NY","10461","Perla Vazquez","2128283361","http://www.harvesthomefm.org","Fri 8am-3pm","May 15-November 20","P/M","Y","Y","N","Y","N","40.85738","-73.84631","POINT (-73.84631 40.85738)"
"Bronx","Harvest Home Mt. Eden Farmers' Market","Claremont Park, Mt Eden Pkway & Morris Ave","1601 Morris Avenue","Bronx","NY","10457","Perla Vazquez","2128283361","http://www.harvesthomefm.org","Tue/Thu 8am-4pm","May 12-November 24","P/M","Y","Y","N","Y","Y","40.84305","-73.90947","POINT (-73.90947 40.84305)"
"Bronx","Harvest Home N Central Bronx Farmers' Market","W Mosholu Parkway N & Jerome Ave","1 W Moshulu Pkwy N","Bronx","NY","10467","Perla Vazquez","2128283361","http://www.harvesthomefm.org","Wed 8am-3pm","May 13-November 25","P/M","Y","Y","N","Y","N","40.88046","-73.88385","POINT (-73.88385 40.88046)"
"Bronx","Harvest Home St. Mary's Park Farmers' Market","E 149th St & Eagle Ave","646 E 149th St","Bronx","NY","10455","Perla Vazquez","2128283361","http://www.harvesthomefm.org","Thu 8am-4pm","May 14-November 19","P/M","Y","Y","N","Y","N","40.81099","-73.91173","POINT (-73.91173 40.81099)"
"Bronx","James Baldwin OLC Farmers' Market","100 W Mosholu Parkway S Bronx","100 West Mosholu Parkway South","Bronx","NY","10463","Ray Pultinas","9177553559","http://www.jamesbaldwinoutdoorlearningcenter.org","Sat 10am-3pm","June 20-October 31","M","Y","N","N","Y","N","40.88146","-73.88693","POINT (-73.88693 40.88146)"
"Bronx","La Familia Verde Farmers' Market","Walter Gladwin Park, East Tremont & Arthur Aves","East Tremont Ave and Arthur Ave","Bronx","NY","10457","Aleyna Rodriguez","7185831756","http://www.lafamiliaverde.org","Tue 9am-3pm","July 7-November 10","M","Y","N","N","Y","N","40.84643","-73.89334","POINT (-73.89334 40.84643)"
"Bronx","La Familia Verde Highbridge Farmers' Market","1430 Plimpton Ave Bronx","1430 Plimpton Ave","Bronx","NY","10452","Aleyna Rodriguez","7185831756","http://lafamiliaverde.com","Wed 10am-1pm","July 8-November 11","M","Y","N","N","Y","N","40.8433","-73.92213","POINT (-73.92213 40.8433)"
"Bronx","La Familia Verde Southern Blvd Farmers' Market","Field of Dreams Park, 960 E 167th St","960 East 167th Street","Bronx","NY","10459","Aleyna Rodriguez","7185831756","http://lafamiliaverde.com","Thu 10am-1pm","July 9-November 12","M","Y","N","N","Y","N","40.82668","-73.89169","POINT (-73.89169 40.82668)"
"Bronx","Lincoln Hospital Fri Greenmarket","E 149th St btwn Park & Morris Aves","234 East 149th Street","Bronx","NY","10451","Daniel Olavarria","2127887900","http://www.grownyc.org/greenmarket","Fri 8am-3pm","June 26-November 20","M","Y","Y","N","Y","N","40.8174","-73.92276","POINT (-73.92276 40.8174)"
"Bronx","Lincoln Hospital Tue Greenmarket","E 149th St btwn Park & Morris Aves","234 East 149th Street","Bronx","NY","10451","Daniel Olavarria","2127887900","http://www.grownyc.org/greenmarket","Tue 8am-3pm","June 23-November 24","M","Y","Y","N","Y","Y","40.81754","-73.9241","POINT (-73.9241 40.81754)"
"Bronx","Mott Haven Farm Stand","541 E 139th St","545 East 142nd Street","Bronx","NY","10454","Rachel Gill","7185083156","http://www.bronxworks.org","Wed 9am-1pm","July 8-November 18","M","Y","N","N","Y","N","40.80979","-73.91585","POINT (-73.91585 40.80979)"
"Bronx","New Roots Community Farm Stand","670 Grand Concourse","670 Grand Concourse","Bronx","NY","10451","Sheryll Durrant","6465328981",,"Sat 10am-3pm","July 11-November 7","M","Y","N","N","Y","N","40.82172","-73.92524","POINT (-73.92524 40.82172)"
"Bronx","New York Botanical Garden Farmers' Market","2900 Southern Blvd Mosholu Gate","2900 Southern Boulevard","Bronx","NY","10458-5126","Pascale Le Draoulec","9148063380",,"Wed 10am-2pm","June 3-October 21","M","Y","Y","N","Y","N","40.86689","-73.88061","POINT (-73.88061 40.86689)"
"Bronx","P811x Healthy Choice Farm Stand","1434 Longfellow Ave Bronx","1434 Longfellow Ave.","Bronx","NY","10459","Paula Lucas","7185893060",,"Thu 10am-1pm","July 16-November 19","M","Y","N","N","Y","N","40.830746","-73.886882","POINT (-73.886882 40.830746)"
"Bronx","Parkchester Greenmarket","Westchester Ave & White Plains Rd","1878 Cross Bronx Service Road South","Bronx","NY","10472","Daniel Olavarria","2127887900","http://www.grownyc.org/greenmarket","Fri 8am-3pm","June 12-November 20","M","Y","Y","N","Y","Y","40.82975","-73.87377","POINT (-73.87377 40.82975)"
"Bronx","Poe Park Greenmarket","E 192nd St btwn Grand Concourse & Valentine","2580 Grand Concourse","Bronx","NY","10458","Daniel Olavarria","2127887900","http://www.grownyc.org","Tue 8am-3pm","June 23-November 24","M","Y","Y","N","Y","Y","40.86412","-73.8955","POINT (-73.8955 40.86412)"
"Bronx","Van Cortlandt Park Alliance Farm Stand","Corner of Gale Pl & Orloff Ave","98 Van Cortlandt Park South","Bronx","NY","10563","Sara Kempton","7186011553",,"Wed 2pm-7pm","July 8-October 28","M","Y","N","N","Y","N","40.88485","-73.89124","POINT (-73.89124 40.88485)"
"Broome","Binghamton Farmers' Market","103 Laurel Ave Recreational Park","103 Laurel Avenue","Binghamton","NY","13905","Bryce Farrell","6072216877","https://www.binghamtonfarmersmarket.org/","Sun 11am-2pm","June 7-November 1","M","Y","Y","Y","Y","N","42.09907","-75.93279","POINT (-75.93279 42.09907)"
"Broome","Broome Co Regional Sat Farmers' Market","840 Upper Front St Binghamton","840 Upper Front St.","Binghamton","NY","13905","Gillian Sloan","6075845013","http://www.broomecountyregionalmarket.com","Sat 9am-1pm","Year-round","YR","Y","Y","Y","Y","N","42.12921","-75.90609","POINT (-75.90609 42.12921)"
"Broome","Little Italy Endicott Farmers' Market","128 Odell Ave Endicott","128 Odell Avenue","Endicott","NY","13760","Loreta Paniccia","6076245041","https://littleitalyendicott.org","Thu 4pm-7pm","May 28-September 24","P/M","Y","Y","Y","Y","N","42.11093","-76.04877","POINT (-76.04877 42.11093)"
"Broome","Russell Farms Farm Stand","323 Sycamore St","323 Sycamore Street","Vestal","NY","13850","Allison Russell","6079725793","http://www.russell-farm.com","Mon-Sat 8am-7pm, Sun 8am-6pm","March 20-December 31","W/P/M","Y","N","N","Y","N","42.10175","-76.00778","POINT (-76.00778 42.10175)"
"Broome","Vestal Farmers' Market","Library parking lot, near museum, 320 Vestal Pkwy East","320 Vestal Pkwy East","Vestal","NY","13850","MaKenzie Darrow","6076254141",,"Wed/Sat 9am-1pm","May 23-November 25","P/M","Y","Y","Y","Y","N","42.08731","-76.04563","POINT (-76.04563 42.08731)"
"Broome","Windsor Farmers' Market","99 Main St","107 Main St.","Windsor","NY","13865","Laura Biasillo","6075845007","http://www.facebook.com/WFMatWindsorVillageGreen","Sat 9am-1pm, Nov-Apr -Alt Sat","Year-round","YR","N","Y","Y","Y","N","42.07698","-75.64034","POINT (-75.64034 42.07698)"
"Broome","Wolfhill Farms Farm Stand","650 Hawleyton Rd Binghamton","650 Hawleyton Road","Binghamton","NY","13903","Emily Srch","9547787186",,"Daily 8am-6pm","Year-round","YR","N","N","N","Y","N","42.00481","-75.93334","POINT (-75.93334 42.00481)"
"Cattaraugus","Canticle Farm Market","3809 Old State Rd Allegany","3809 Old State Road","Allegany","NY","14706","Gina Anderson","7163730200","http://www.canticlefarm.org","Wed-Fri 9am-5:30pm","Year-round","YR","Y","N","N","Y","N","42.09601","-78.50618","POINT (-78.50618 42.09601)"
"Cattaraugus","Enchanted Mountains Farmers' Market","1900 Constitution Ave Olean","1900 Constituion Ave","Olean","NY","14760","Tammy Gardner","7165435475",,"Fri 2pm-6pm","May 22-October 23","P/M","Y","N","N","Y","N","42.08304","-78.45343","POINT (-78.45343 42.08304)"
"Cattaraugus","Great Valley Berry Patch Farm Stand","5608 Humphrey Rd","5608 Humphrey Road","Great Valley","NY","14741","Nadyne Litchfield","7169455221","http://greatvalleyberrypatch.com","Wed-Sun 9am-5pm","June 15-October 31","M","Y","N","N","Y","N","42.20092","-78.61632","POINT (-78.61632 42.20092)"
"Cattaraugus","Hewitt's Farm Fresh Produce","10168 Broadway Rd Gowanda","10168 Broadway Rd","Gowanda","NY","14070","Ben Hewitt","7165324654",,"Tue-Sun 10am-5pm","June 14-November 1","M","Y","N","N","Y","N","42.44135","-78.92861","POINT (-78.92861 42.44135)"
"Cattaraugus","Miller's Farm Market","1686 Olean Portville Rd Olean","1685 Olean Portville Rd.","Olean","NY","14760","Shanna Miller","7163722521",,"Mon-Sat 9am-6pm, Sun 9am-5pm","April 1-December 24","P/M/X","Y","N","N","Y","N","42.071439","-78.39814","POINT (-78.39814 42.071439)"
"Cattaraugus","New Generation Farm Stand","9527 New Albion Rd Cattaraugus","9527 New Albion Road","Cattaraugus","NY","14719","Lola Cicarelli","5085179215",,"Mon-Fri 8am-3pm","May 1-December 23","P/M","Y","N","N","Y","N","42.27641","-78.85879","POINT (-78.85879 42.27641)"
"Cattaraugus","Olean Area Farmers' Market","Lincoln Park Pavilion, 100 E State St Olean","100 E. State Street","Olean","NY","14760","Steph Beneng","7163745257","http://www.oleanfarmersmarket.com","Sat 9am-1pm","May 16-October 24","P/M","Y","Y","N","Y","N","42.07726","-78.42821","POINT (-78.42821 42.07726)"
"Cattaraugus","Olean Area Winter Farmers' Market","Miller's Farm Market, 1685 Olean-Portville Rd, Olean","1685 Olean-Portville Rd.","Olean","NY","14760","Steph Beneng","7163745257","http://www.oleanfarmersmarket.com","Alt. Sat 10am-1pm","January 10-April 18","W/P","N","Y","Y","Y","N","42.0714","-78.39808","POINT (-78.39808 42.0714)"
"Cattaraugus","Perfectly Blended Farm Farm Stand","3819 Riceville Rd Machias","3819 Riceville Rd","Machias","NY","14101","Melissa Keller","7162580645","http://www.perfectlyblendedfarm.org","Mon/Wed 4pm-6pm, Sat 12pm-4pm","May 1-October 30","P/M","Y","N","N","Y","N","42.43378","-78.51896","POINT (-78.51896 42.43378)"
"Cattaraugus","Silver Falls Farm Stand","10295 Jolls Rd Perrysburg","10295 Jolls Road","Perrysburg","NY","14129","Linda Dewey","7166729004",,"Thu 1pm-5pm, Sat 9am-1pm","June 15-November 1","M","Y","N","N","Y","N","42.44694","-78.95873","POINT (-78.95873 42.44694)"
"Cattaraugus","Wild Acres Family Farm Stand","5963 Route 98 Great Valley","5963 Route 98","Great Valley","NY","14741","Donald Wild","7169694386",,"Daily 10am-8pm","May 31-November 12","M","Y","N","N","Y","N","42.21576","-78.63471","POINT (-78.63471 42.21576)"
"Cattaraugus","Wilson's Farm Market Farm Stand","78 South Main St Portville","78 South Main Street","Portville","NY","14770","Francis Wilson","7163075233",,"Sat-Thu 10am-4pm, Fri 11am-4pm","April 15-December 24","P/M/X","Y","N","N","Y","N","42.0344","-78.33806","POINT (-78.33806 42.0344)"
"Cayuga","Auburn Sat Co-op Farmers' Market","96 State St Curley's Restaurant Pkg Lot","96 State Street","Auburn","NY","13021","Mark Soper","3157048609","http://www.auburnfarmerscoopmarketinc.com","Sat 7am-2pm","June 3-October 30","M","N","Y","Y","Y","N","42.93406","-76.56985","POINT (-76.56985 42.93406)"
"Cayuga","Auburn Thu Co-op Farmers' Market","96 State St Curley's Restaurant Pkg Lot","96 State Street","Auburn","NY","13021","Mark Soper","3157048609","http://www.auburnfarmerscoopmarketinc.com","Thu 7am-2pm","June 3-October 30","M","N","Y","Y","Y","N","42.93401","-76.57007","POINT (-76.57007 42.93401)"
"Cayuga","Auburn Tue Co-op Farmers' Market","96 State St Curley's Restaurant Pkg Lot","96 State Street","Auburn","NY","13021","Mark Soper","3157048609","http://www.auburnfarmerscoopmarketinc.com","Tue 7am-2pm","June 3-October 30","M","N","Y","Y","Y","N","42.93401","-76.57007","POINT (-76.57007 42.93401)"
"Cayuga","Centurion Farm Stand","287 Creek Rd Locke","287 Creek Road","Locke","NY","13092","Jeff Saeli","6075925810",,"Mon-Thu 9am-3pm, Fri/Sat 10am-2pm","May 18-November 30","P/M","Y","N","N","Y","N","42.6309","-76.45455","POINT (-76.45455 42.6309)"
"Cayuga","Horning's Produce Farm Stand","2213 State Rt 370 Cato","2213 State Rt 270","Cato","NY","13033","Tim Horning","3156513320",,"Mon-Sat 9am-6pm","Year-round","YR","Y","N","N","Y","N","43.16733","-76.59499","POINT (-76.59499 43.16733)"
"Cayuga","Morgan's Half Acre Produce Farm Stand","6169 Half Acre Rd Auburn","6169 Half Acre Road","Auburn","NY","13021","Kelli Morgan","3152533008","http://www.morganshalfacreproduce.com","Mon-Sat 10am-6pm, Sun 10am-4pm","May 8-October 31","P/M","Y","N","N","Y","N","42.91629","-76.62457","POINT (-76.62457 42.91629)"
"Cayuga","Owen Orchards Farm Stand","8174 Grant Ave Weedsport","8174 Grant Ave.","Weedsport","NY","13166","Gordon Tripp","3152524097","http://www.owenorchard.com","Mon-Fri 9am-7pm , Sat/Sun 9am-5pm","August 1-March 31","M/X/W","Y","N","N","Y","N","43.01314","-76.50749","POINT (-76.50749 43.01314)"
"Chautauqua","Abers Acres Farm Stand","884 Route 394 Kennedy","884 Rte. 394","Kennedy","NY","14747","Sue Abers","7162672431","http://www.abersacres.com","Mon-Sat 9am-6pm, Sun 10am-5pm","June 1-October 31","M","Y","N","N","Y","N","42.14495","-79.10996","POINT (-79.10996 42.14495)"
"Chautauqua","Carlberg Livestock & Produce Farm Stand","1982 Peck Settlement Rd Jamestown","1982 Peck Settlement Rd","Jamestown","NY","14701","Virginia Carlberg","7169693525","http://www.carlbergfarm.com","Mon-Sat 9am-6pm, Sun 11am-4pm","Year-round","YR","Y","N","N","Y","N","42.08618","-79.18337","POINT (-79.18337 42.08618)"
"Chautauqua","Dunkirk Farmers' Market","Dunkirk Senior Center 45 Cliffstar Court","45 Cliffstar Court","Dunkirk","NY","14048","Edward Hayes","7163669876","http://www.cityofdunkirk.com","Wed 9am-2pm","June 10-October 14","M","Y","Y","N","Y","N","42.48481","-79.32751","POINT (-79.32751 42.48481)"
"Chautauqua","Forestville Farmers' Market","Main St btwn the Post Office and Caves Food Market","21 Pearl Street","Forestville","NY","14062","Nancy Adams Fry","7323103331",,"Thursday 1pm-5pm","May 28-September 24","M","N","Y","Y","Y","N","42.47025","-79.17289","POINT (-79.17289 42.47025)"
"Chautauqua","Fredonia Farmers' Market","Village Hall Barker Commons , 9 Church St","9 Church St","Fredonia","NY","14063","Anneliese Bruegel","2488257916","http://www.fredoniafarmersmarket.org","Sat 9am-1pm","May 16-October 31","P/M","Y","Y","Y","Y","N","42.44089","-79.33242","POINT (-79.33242 42.44089)"
"Chautauqua","Fredonia WINTER Farmers' Market","321 East Main St (Rt 20) Masonic Lodge","321 East Main St. (Rte 20)","Fredonia","NY","14063","Thomas Degolier","7166802104","http://www.fredoniafarmersmarket.org","Sat 10am-1pm","November 1-May 17","M/X/W/P","N","Y","Y","Y","N","42.44764","-79.315","POINT (-79.315 42.44764)"
"Chautauqua","Green Heron Growers Farm Stand","2361 Wait Corners Rd Panama","2361 Wait Corners Road","Panama","NY","14767","Julie Rockcastle","7167530371",,"Sat 9am-1pm","May 9-October 24","P/M","Y","Y","N","Y","N","42.10288","-79.55939","POINT (-79.55939 42.10288)"
"Chautauqua","Jamestown Farmers' Market","116 E Third St","116 East Third Street","Jamestown","NY","14701","Nick Weith","7164836405","http://jfmny.org","Sat 9am-1pm","June 6-November 22","M","Y","N","N","Y","N","42.09603","-79.24226","POINT (-79.24226 42.09603)"
"Chautauqua","Jamestown Mobile Market-Carroll Manor","15 Cherry St Frewsburg","15 Cherry Street","Frewsburg","NY","14738","Nick Weith","7164836405",,"Wed 3pm-3:45pm","Year-round","YR","N","N","N","Y","N","42.0578","-79.16448","POINT (-79.16448 42.0578)"
"Chautauqua","Jamestown Mobile Market-Chautaqua Center","107 Institute St","107 Institute Street","Jamestown","NY","14701","Nick Weith","7164836405","http://jtownpublicmarket.org","Fri 11am-12pm","Year-round","YR","Y","N","N","Y","N","42.09308","-79.23505","POINT (-79.23505 42.09308)"
"Chautauqua","Jamestown Mobile Market-Chautauqua Opportunities","1135 N Main St","1135 North Main Street","Jamestown","NY","14701","Nick Weith","7164836405",,"Thu 3pm-4pm","Year-round","YR","Y","N","N","Y","N","42.1097","-79.24151","POINT (-79.24151 42.1097)"
"Chautauqua","Jamestown Mobile Market-Code Building","411 Windsor St","411 Windsor Street","Jamestown","NY","14701","Nick Weith","7164836405",,"Thu 3:30pm-5:30pm","Year-round","YR","N","N","N","Y","N","42.10095","-79.23136","POINT (-79.23136 42.10095)"
"Chautauqua","Jamestown Mobile Market-Prendergast Library","509 Cherry St","509 Cherry Street","Jamestown","NY","14701","Nick Weith","7164836405","http://jtownpublicmarket.org","Wed 11am-1pm","Year-round","YR","Y","N","N","Y","N","42.09831","-79.24361","POINT (-79.24361 42.09831)"
"Chautauqua","Jamestown Mobile Market-Silver Tree Seniors","8 Crane St","9 Crane Street","Jamestown","NY","14701","Nick Weith","7164836405","http://jtownpublicmarket.org","Wed 1:30pm-2:30pm","Year-round","YR","Y","N","N","Y","N","42.09627","-79.23317","POINT (-79.23317 42.09627)"
"Chautauqua","Jamestown Mobile Market-Silver Tree Seniors (Methodist Gardens)","430 E Ave Falconer","430 East Avenue","Falconer","NY","14733","Nick Weith","7164836405",,"Thu 12:30pm-1:30pm","Year-round","YR","N","N","N","Y","N","42.12559","-79.19706","POINT (-79.19706 42.12559)"
"Chautauqua","Jamestown Mobile Market-Silvertree Seniors (Carlson)","842 N Main St","842 North Main Street","Jamestown","NY","14701","Nick Weith","7164836405",,"Fri 12:30pm-1:30pm","Year-round","YR","Y","N","N","Y","N","42.10228","-79.24101","POINT (-79.24101 42.10228)"
"Chautauqua","Jamestown Mobile Market-The Resource Center","880 E 2nd St","880 East 2nd Street","Jamestown","NY","14701","Nick Weith","7164836405",,"Thu 11am-12pm","Year-round","YR","Y","N","N","Y","N","42.10486","-79.22483","POINT (-79.22483 42.10486)"
"Chautauqua","Jamestown Winter Farmers' Market","410 N Main St","410 N. Main St.","Jamestown","NY","14802","Nick Weith","7164836405","http://jfmny.org","2nd & 4th Sat 9am-1pm","January 10-May 23","W/P","N","Y","Y","Y","N","42.09735","-79.24151","POINT (-79.24151 42.09735)"
"Chautauqua","Miller's Apples Farm Stand","3889 Williams St Dunkirk","3889 Williams Street","Dunkirk","NY","14048","Shari Miller","7163663129",,"Fri 10am-1pm","June 19-November 13","M","Y","N","N","Y","N","42.47047","-79.31451","POINT (-79.31451 42.47047)"
"Chautauqua","Scott's Farm & Greenhouse Farm Stand","6029 Route 60 Sinclairville","6029 Route 60","Sinclairville","NY","14782","Kurt Scott","7166404447",,"Daily 9am-6pm","April 1-October 31","P/M","Y","N","N","Y","N","42.26142","-79.28836","POINT (-79.28836 42.26142)"
"Chautauqua","Westfield Farmers' and Artisans Market","Moore Park Routes 20 & 394","Rt 20 and Rt 394","Westfield","NY","14787","Kathleen Mayer","7167530367","http://www.westfieldny.com/farmers-market","Sat 9am-2pm","May 23-September 26","P/M","Y","N","N","Y","N","42.32203","-79.57812","POINT (-79.57812 42.32203)"
"Chemung","Grove Park Farmers' Market","4th St & Walnut Ave Elmira","Walnut Ave and West 4th St","Elmira","NY","14901","Matthew Glenn","6075464535",,"Mon 3pm-6pm","June 1-October 26","M","Y","N","N","Y","N","42.0921","-76.82013","POINT (-76.82013 42.0921)"
"Chenango","Davis Acres Farm Stand","184 Mt Pleasant Rd Bainbridge","184 Mt. Pleasant Road","Bainbridge","NY","13733","Paul Davis","6076244167",,"Mon/Thu 10am-6pm","June 22-October 8","M","Y","N","N","Y","N","42.28231","-75.49731","POINT (-75.49731 42.28231)"
"Chenango","Greene Pasture Ranch Farm Stand","13 South Canal St","13 South Canal Street","Greene","NY","13778","Victoria Pezzino","6078750634","http://www.greenepastureranch.com","Mon-Fri 11am-6pm, Sat 11am-4pm","Year-round","YR","Y","N","N","Y","N","42.32818","-75.77265","POINT (-75.77265 42.32818)"
"Chenango","Lamb's Quarters Organic Farm Stand","213 Pierce Rd Plymouth","213 Pierce Road","Plymouth","NY","13832","Sandy Pierce","6073344928","http://www.lambsquarterorganicfarm.com","Daily 12pm-6pm, Closed Wed & Sat","Year-round","YR","N","N","N","Y","N","42.60058","-75.59991","POINT (-75.59991 42.60058)"
"Chenango","Oxford Farmers' Market","Lafayette Park","Lafayette Park","Oxford","NY","13830","Trellan Smith","6073713559",,"Sat 9am-12pm","May 23-September 26","P/M","Y","Y","Y","Y","N","42.44255","-75.5983","POINT (-75.5983 42.44255)"
"Chenango","Oxford WINTER Farmers' Market","United Church of Oxford, 16 Fort Hill Park","16 Fort Hill Park","Oxford","NY","13830","Mina Takahashi","6072266843",,"1st Sat 10am-12:30pm","November 1-April 4","M/X/W/P","N","Y","Y","Y","N","42.440234","-75.594121","POINT (-75.594121 42.440234)"
"Chenango","Pires Farm Stand","6066 State Hwy 12 Norwich","6066 State Highway 12","Norwich","NY","13815","Richard Williams","6073368224",,"Mon-Sat 9am-6pm, Sun 10am-2pm","April 15-November 28","P/M","Y","Y","N","Y","N","42.54525","-75.52498","POINT (-75.52498 42.54525)"
"Chenango","Sunrise Farms Farm Stand","252 Plymouth-North Norwich Rd Plymouth","252 Plymouth-North Norwich Rd.","Plymouth","NY","13832","Kathryn Clemens","6073365834",,"Mon-Sat 9am-5pm, Sun 12pm-5pm","Year-round","YR","Y","N","N","Y","N","42.62427","-75.59152","POINT (-75.59152 42.62427)"
"Clinton","Champlain Farmers' Market","Paquette Park Gazebo Main St (Rte 9)","1154 US-9","Champlain","NY","12919","Janet McFetridge","5182984152","http://www.vchamplain.com","Sat 9am-12pm","July 18-September 19","M","Y","Y","N","Y","N","44.98632","-73.44613","POINT (-73.44613 44.98632)"
"Clinton","Jim's Homegrown Vegetables Farm Stand","726 Prospect St Champlain","726 Prospect Street","Champlain","NY","12919","Sue Lefebvre","5185361813",,"Sat 9am-12pm","June 1-September 1","M","Y","N","N","Y","N","44.98851","-73.44105","POINT (-73.44105 44.98851)"
"Clinton","Northern Orchard Farm Stand","470 Union Rd Peru","470 Union Road","Peru","NY","12972","Jenna Mulbury","5186439806","http://www.northernorchard.com","Daily 10am-5pm","May 11-December 23","P/M/X","Y","N","N","Y","N","44.5569","-73.53324","POINT (-73.53324 44.5569)"
"Clinton","Plattsburgh Farmers' and Craft Sat Market","26 Green St","26 Green Street","Plattsburgh","NY","12901","Sue Carusone","5185786749","http://plattsburghfarmerscraftersmarket.com","Sat 9am-2pm","May 9-October 10","P/M","Y","N","N","Y","N","44.69902","-73.4469","POINT (-73.4469 44.69902)"
"Clinton","Rouses Point Farmers' Market","Dodge Memorial Library Lawn , 144 Lake St","144 Lake Street","Rouses Point","NY","12979","Jim Rabideau","5182983878",,"Fri 3pm-6pm","June 12-September 11","M","Y","N","N","Y","N","44.99038","-73.36434","POINT (-73.36434 44.99038)"
"Clinton","Rulfs Orchard Farm Stand","531 Bear Swamp Rd Peru","531 Bear Swamp Road","Peru","NY","12972","Shannon Wilkins","5186438636","http://www.rulfsorchard.com","Daily 6am-6pm","Year-round","YR","Y","N","N","Y","N","44.5786","-73.49804","POINT (-73.49804 44.5786)"
"Clinton","Shield's Vegetables Farm Stand","6303 State Route 22 Plattsburgh","6303 State Route 22","Plattsburgh","NY","12901","Sam Dyer","5185610473",,"Daily 10am-6pm","June 1-October 31","M","Y","N","N","Y","N","44.73789","-73.47064","POINT (-73.47064 44.73789)"
"Clinton","Souza's Farm Stand","184 Rapids Rd Champlain","184 Rapids Rd.","Champlain","NY","12919","Jim Souza","5185340088",,"Thu-Sat/Mon 12pm-5pm, Sun 9am-2pm","May 1-December 31","P/M/X","Y","N","N","Y","N","44.94987","-73.42716","POINT (-73.42716 44.94987)"
"Columbia","Copake Hillsdale Farmers' Market","Roeliff Jansen Park 9140 Rte 22","9140 Route 23","Hillsdale","NY","12529","Nicole Friedrich","5189293255","http://www.copakehillsdalefarmersmarket.com","Sat 9am-1pm","May 16-November 21","P/M","Y","Y","Y","Y","N","42.17077","-73.51771","POINT (-73.51771 42.17077)"
"Columbia","Germantown Farmers' Market","Palatine Park Pavilion, 50 Palatine Park Rd","50 Palatine Park Road","Germantown","NY","12526","Lauren Williams","5185675691","https://www.germantownfarmersmarket.com/","Sat 10am-1pm","May 23-October 10","P/M","Y","N","N","Y","N","42.135","-73.88551","POINT (-73.88551 42.135)"
"Columbia","Hudson Farmers' Market","DMV parking lot 6th & Columbia Sts","Columbia St and North 6th St","Hudson","NY","12534","Brandon Bjerke","5183003496","http://www.hudsonfarmersmarketny.com","Sat 9am-1pm","April 18-November 28","P/M","Y","Y","Y","Y","N","42.24866","-73.78369","POINT (-73.78369 42.24866)"
"Columbia","Hudson Winter Farmers Market","201 Harry Howard Ave, Elks Lodge #787","201 Harry Howard Ave","Hudson","NY","12534","Brandon Bjerke","5183003496","https://www.hudsonfarmersmarketny.org/","Sat 10am-1pm","January 3-April 11","W/P","N","Y","Y","Y","N","42.25828","-73.77341","POINT (-73.77341 42.25828)"
"Columbia","Kinderhook Farmers' Market","Village Square 1 Hudson St","US Route 9 and Hudson St","Kinderhook","NY","12106","Kim Voltz","5187559293",,"Sat 8:30am-12:30pm","May 2-October 31","P/M","Y","N","N","Y","N","42.3954","-73.69817","POINT (-73.69817 42.3954)"
"Columbia","Scarecrow Farm Stand","20 Old Barrington Rd Hudson","20 Old Barrington Rd","Claverack","NY","12534","Virginia Ambrose","5188212453","http://www.scarecrowfarmny.com","Daily 11am-4pm, Closed Tue & Sat","July 1-November 1","M","Y","Y","N","Y","N","42.2105","-73.67909","POINT (-73.67909 42.2105)"
"Columbia","The Barn at Miller's Crossing Farm Stand","170 Route 217 Hudson","170 Route 217","Hudson","NY","12534","Katie Smith","5188512331",,"Daily 10am-6pm","April 2-November 30","P/M","Y","N","N","Y","N","42.22961","-73.70378","POINT (-73.70378 42.22961)"
"Cortland","Cincinnatus Farmers' Market","Cortland-Chenango Rural Services, 2704 Lower Cincinnatus Rd","2704 Lower Cincinnatus Rd","Cincinnatus","NY","13040","Paul Halstead","6078368972",,"Sat 9am-12pm","May 9-October 3","P/M","Y","N","N","Y","N","42.53812","-75.89662","POINT (-75.89662 42.53812)"
"Cortland","Cortland Saturday Farmers' Market","13 Court St in front of Grace Church","Main St and Orchard St","Cortland","NY","13045","Claribel Ferrer","6077588331",,"Sat 8am-2pm","May 16-October 31","P/M","Y","N","N","Y","N","42.60028","-76.18044","POINT (-76.18044 42.60028)"
"Cortland","Cortland Tuesday Farmers' Market","13 Court St In front of Grace Church","Main St and Orchard St","Cortland","NY","13045","Claribel Ferrer","6077588331",,"Tue 8am-2pm","May 19-October 27","M","Y","N","N","Y","N","42.60028","-76.18044","POINT (-76.18044 42.60028)"
"Cortland","Dave's Veggies Farm Stand","5178 NYS Route 41 Homer","5178 NY-41","Homer","NY","13077","David Root","6077494955",,"Mon-Thu 12pm-6pm, Fri-Sun 10am-6pm","May 1-October 31","P/M","Y","N","N","Y","N","42.659118","-76.203042","POINT (-76.203042 42.659118)"
"Cortland","Homer Regional Farmers' Market","Homer Center for the Arts, 72 Main St","72 South Main Street","Homer","NY","13077","Bryn Carr","6077935496",,"Sat 9:30am-12:30pm","May 23-October 31","P/M","Y","N","N","Y","N","42.63418","-76.17894","POINT (-76.17894 42.63418)"
"Cortland","Plunkett Farms Farm Stand","2180 Tower Rd Cortland","2180 Tower Road","Cortland","NY","13045","John and Carla Plunkett","6077530001",,"Daily 9am-6pm","July 1-November 15","M","Y","N","N","Y","N","42.55495","-76.13123","POINT (-76.13123 42.55495)"
"Delaware","Catskill Cattle Company Farm Stand","96 Laurel Bank Ave","96 Laurel Bank Ave","Deposit","NY","13754","Lonny Schaefer","6074675762","http://www.catskillcattle.com","Mon/Thu-Sat 11am-6pm, Sun 12pm-4pm","June 1-November 1","M","Y","N","N","Y","N","42.06673","-75.40725","POINT (-75.40725 42.06673)"
"Delaware","Covered Bridge Farm Market Farm Stand","331 Covered Bridge Rd Unadilla","331 Covered Bridge Rd","Unadilla","NY","13849","Erin Johnson","9147992078",,"Daily 10am-5pm","July 15-October 31","M","Y","N","N","Y","N","42.33657","-75.28612","POINT (-75.28612 42.33657)"
"Delaware","Delhi Farmers' Market","Courthouse Square Main St","Main St and Court St","Delhi","NY","13753","Meg Kennedy","6072938128",,"Wed 10am-2pm","May 6-October 28","P/M","Y","N","N","Y","N","42.27744","-74.91673","POINT (-74.91673 42.27744)"
"Delaware","Delhi Winter Farmers' Market","Indoor 4 Page Ave","4 Page Avenue","Delhi","NY","13752","Meg Kennedy","6074342407",,"Wed 10am-2pm","November-April","M/X/W/P","N","N","N","Y","N","42.27897","-74.91247","POINT (-74.91247 42.27897)"
"Delaware","Hodgson Farms Farm Stand","3345 River Rd Downsville","3345 River Rd","Downsville","NY","13755","Richard Hodgson","8456296762",,"Daily 9am-6pm","May 10-November 24","M","Y","N","N","Y","N","42.03956","-75.02787","POINT (-75.02787 42.03956)"
"Delaware","Pakatakan Farmers' Market","Round Barn of Halcottville, 46676 State Hwy 30","46676 State Highway 30","Halcottville","NY","12438","Tanya Moyer","8455863326","http://roundbarnmarket.org","Sat 9am-1pm","May 16-November 28","P/M","Y","N","N","Y","N","42.20103","-74.59909","POINT (-74.59909 42.20103)"
"Dutchess","Beacon Farmers' Market","223 Main St DMV lot","223 main street DMV lot","Beacon","NY","12508","Amy Bandolik","9175754967","http://www.beaconfarmersmarket.org","Sun 10am-2pm","Year-round","YR","Y","Y","Y","Y","N","41.50402","-73.96823","POINT (-73.96823 41.50402)"
"Dutchess","Dykeman Farm Farm Stand","31 Dykeman Ln Pawling","31 Dykeman Lane","Pawling","NY","12564","Amanda Dykeman","8458326068","http://www.dykemanfarm.com","Tue-Sat 9am-6pm, Sun/Mon 9am-5pm","July 1-October 31","M","Y","N","N","Y","N","41.62739","-73.60795","POINT (-73.60795 41.62739)"
"Dutchess","Judson Farm Market FS","3255 Pleasant Ridge Rd Wingdale","3255 Pleasant Ridge Rd","Wingdale","NY","12594","Richard Judson","8458326286",,"Daily 10am-6pm","August 1-October 31","M","Y","N","N","Y","N","41.6429","-73.60327","POINT (-73.60327 41.6429)"
"Dutchess","Millbrook Farmers' Market","3263 Franklin Ave parking lot","3263 Franklin Avenue","Millbrook","NY","12545","Rebecca Klima","9143821473","http://www.millbrookfarmersandmakersmarket.com","Sat 9am-1pm","May 23-October 10","P/M","Y","Y","Y","Y","N","41.78321","-73.69651","POINT (-73.69651 41.78321)"
"Dutchess","Millerton Farmers' Market","Millerton Methodist Church, 6 Dutchess Ave","6 Dutchess Ave.","Millerton","NY","12546","Jordan Schmidt","5187894259","https://www.neccmillerton.org/farmers-market","Sat 10am-2pm","May 16-November 28","P/M","Y","N","N","Y","N","41.9543","-73.50977","POINT (-73.50977 41.9543)"
"Dutchess","Obercreek Farm Stand","81 New Hamburg Rd Wappingers Falls","87 New Hamburg Road","Wappingers Falls","NY","12590","Nina Doig","8452189262","http://www.obercreekfarm.com","Wed-Sat 11am-6pm, Sun 12pm-5pm","Year-round","YR","N","N","N","Y","N","41.58384","-73.93469","POINT (-73.93469 41.58384)"
"Dutchess","Pawling Farmers' Market","Village Green Charles Colman Blvd","154 Charles Colman Blvd.","Pawling","NY","12564","Betsy Montgomery","9179418762","http://www.pawlingfarmersmarket.org","Sat 9am-1pm","June 13-September 26","M","Y","Y","Y","Y","N","41.56315","-73.60143","POINT (-73.60143 41.56315)"
"Dutchess","Rhinebeck Farmers' Market","61 E Market St","61 East Market St","Rhinebeck","NY","12572","Andrea Bartolomeo","5188211481","http://www.rhinebeckfarmersmarket.com","Sun 10am-2pm","May 3-December 27","P/M/X","Y","Y","Y","Y","N","41.92704","-73.91027","POINT (-73.91027 41.92704)"
"Erie","5 Loaves Farm Stand-Delavan Ave","70 West Delavan Ave Buffalo","70 West Delevan Ave","Buffalo","NY","14213","Matt Kauffman","7168032491","http://5loavesfarm.org","Thu 4pm-6:30pm","June 18-October 1","M","Y","N","N","Y","N","42.9223","-78.8969","POINT (-78.8969 42.9223)"
"Erie","Bowman Farms Farm Stand","11259 Gowanda State Rd North Collins","11259 Gowanda State Rd.","North Collins","NY","14111","Susan Bowman","7163372965","http://www.bowmanfarmsinc.com","Daily 9am-5pm","June 10-October 12","M","Y","N","N","Y","N","42.57506","-78.93838","POINT (-78.93838 42.57506)"
"Erie","Chiavetta's Farm Stand","9784 South Main St Angola","9784 South Main St","Angola","NY","14006","Michael Chiavetta","7165490458",,"Mon-Fri 9am-6pm, Sat/Sun 9am-5pm","August 1-October 31","M","Y","Y","N","Y","N","42.61859","-79.01784","POINT (-79.01784 42.61859)"
"Erie","Clarence Hollow Farmers' Market","Town lot btwn Ransom & Salt Rds, 10717 Main St","10717 Main St","Clarence","NY","14031","Cheryl Anthony","7167591075","http://www.clarencefarmersmarket.com","Sat 8am-1pm","June 6-October 31","M","Y","N","N","Y","N","42.9808","-78.58904","POINT (-78.58904 42.9808)"
"Erie","Clinton Bailey Fri Farmers' Market","1443-1517 Clinton St Buffalo","Bailey Ave and Clinton St","Buffalo","NY","14206","Sharon Baldi","7162080003","http://www.clintonbaileymarket.com","Fri 8am-5pm","Year-round","YR","Y","Y","N","Y","N","42.87206","-78.81997","POINT (-78.81997 42.87206)"
"Erie","Clinton Bailey Mon Farmers' Market","1517 Clinton St Buffalo","Bailey Ave and Clinton St","Buffalo","NY","14206","Sharon Baldi","7162080003","http://www.clintonbaileymarket.com","Mon 8am-5pm","Year-round","YR","Y","Y","N","Y","N","42.87206","-78.81997","POINT (-78.81997 42.87206)"
"Erie","Clinton Bailey Sat Farmers' Market","1517 Clinton St Buffalo","Bailey Ave and Clinton St","Buffalo","NY","14206","Sharon Baldi","7162080003","http://www.clintonbaileymarket.com","Sat 4am-5pm","Year-round","YR","Y","Y","N","Y","N","42.87205","-78.81998","POINT (-78.81998 42.87205)"
"Erie","Clinton Bailey Sun Farmers' Market","1517 Clinton St Buffalo","Bailey Ave and Clinton St","Buffalo","NY","14206","Sharon Baldi","7162080003","http://www.clintonbaileymarket.com","Sun 8am-5pm","Year-round","YR","Y","Y","N","Y","N","42.87206","-78.81997","POINT (-78.81997 42.87206)"
"Erie","Clinton Bailey Thu Farmers' Market","1517 Clinton St Buffalo","Bailey Ave and Clinton St","Buffalo","NY","14206","Sharon Baldi","7162080003","http://www.clintonbaileymarket.com","Thu 4am-5pm","Year-round","YR","Y","Y","N","Y","N","42.87206","-78.81997","POINT (-78.81997 42.87206)"
"Erie","Clinton Bailey Tue Farmers' Market","1517 Clinton St Buffalo","Bailey Ave and Clinton St","Buffalo","NY","14206","Sharon Baldi","7162080003","http://www.clintonbaileymarket.com","Tue 4am-5pm","Year-round","YR","Y","Y","N","Y","N","42.87206","-78.81997","POINT (-78.81997 42.87206)"
"Erie","Clinton Bailey Wed Farmers' Market","1517 Clinton St Buffalo","Bailey Ave and Clinton St","Buffalo","NY","14206","Sharon Baldi","7162080003","http://www.clintonbaileymarket.com","Wed 8am-5pm","Year-round","YR","Y","Y","N","Y","N","42.87206","-78.81997","POINT (-78.81997 42.87206)"
"Erie","Dirt Rich Farm Stand","12318 Springville Boston Rd Springville","12318 Springville Boston Road","Springville","NY","14141","Laura Colligan","7168660234","http://dirtrichcsa.com","Fri 2pm-5pm","June 5-October 30","M","Y","N","N","Y","N","42.5422","-78.67584","POINT (-78.67584 42.5422)"
"Erie","Downtown Country Thu Farmers' Market","20 Fountain Plaza Buffalo","20 fountain plaza","Buffalo","NY","14203","Jackie Jonmaire","7168563150","https://buffaloplace.com/play/our-events/#countrymarket","Thu 10am-2pm","June 4-October 15","M","Y","Y","N","Y","N","42.88951","-78.87353","POINT (-78.87353 42.88951)"
"Erie","East Aurora Saturday Farmers' Market","115 Riley St","115 Riley St","East Aurora","NY","14052","Grace Miller","5856893716","http://www.eastaurorafarmersmarket.com","Sat 7am-1pm","May 2-November 25","P/M","Y","N","N","Y","Y","42.76593","-78.63413","POINT (-78.63413 42.76593)"
"Erie","East Aurora Wednesday Farmers' Market","115 Riley St","115 riley street","East Aurora","NY","14052","Grace Miller","5856893716","http://www.eastaurorafarmersmarket.com","Wed 7am-1pm","May 6-November 25","P/M","Y","N","N","Y","N","42.76593","-78.63413","POINT (-78.63413 42.76593)"
"Erie","Elmwood Village Farmers' Market","Bidwell Parkway corner of Elmwood Ave","Elmwood Ave and Bidwell Pkwy","Buffalo","NY","14222","Karen Vilonen","7166915388","http://www.elmwoodmarket.org","Sat 8am-1pm","May 9-November 28","P/M","Y","Y","N","Y","N","42.92371","-78.87702","POINT (-78.87702 42.92371)"
"Erie","Farm This Way Farm Stand","11086 Brant Reservation Rd Brant","11086 Brant Reservation Road","Brant","NY","14027","Carolyn Rosiek","7165491038",,"Mon-Fri 9am-5pm, Sat/Sun 12pm-5pm","May 1-October 31","P/M","Y","N","N","Y","N","42.58029","-79.01732","POINT (-79.01732 42.58029)"
"Erie","Groundwork Market Garden Farm Stand","1698 Genesee St Buffalo","1698 Genesee St.","Buffalo","NY","14211","Mayda Pozantides","7167109394","http://www.groundworkmg.com","Tue 4pm-7pm","June 9-October 27","M","Y","N","N","Y","N","42.91092","-78.81813","POINT (-78.81813 42.91092)"
"Erie","Hamburg Farmers' Market","Moose Lodge #992 45 Church St","45 Church St.","Hamburg","NY","14075","Matt Heidt","7166497917","https://southtownsregionalchamber.org/hamburg-farmers-market/","Sat 7:30am-1pm","May 2-October 31","P/M","Y","Y","N","Y","N","42.71677","-78.82994","POINT (-78.82994 42.71677)"
"Erie","Holland Farmers' Market","R & S Plaza 7238 Olean Rd","7238 Olean Road","Holland","NY","14139","Marg Wnek","7165379590","http://www.thehollandmkt.com","Sun 8:30am-1pm","May 3-October 25","P/M","Y","N","N","Y","N","42.68472","-78.56706","POINT (-78.56706 42.68472)"
"Erie","Huntington Farm Stand II","11503 Main St Clarence","11503 Main Street","Clarence","NY","14031","Dan Huntington","7163930590",,"Sun 10am-7pm","June 14-October 11","M","Y","N","N","Y","N","42.98909","-78.55762","POINT (-78.55762 42.98909)"
"Erie","Kandolo Farm Stand","390 Peckham St Buffalo","390 Peckham Street","Buffalo","NY","14211","Kandolo Makongo","7167174218",,"Sun 9am-12pm","May 31-December 27","M/X","Y","N","N","Y","N","42.88792","-78.83932","POINT (-78.83932 42.88792)"
"Erie","Kenmore Farmers' Market","2919 Delaware Ave","2919 Delaware Ave","Buffalo","NY","14217","Lauren Willett-Benson","7168735700",,"Sun 9am-1pm","June 21-October 25","M","Y","N","N","Y","Y","42.96362","-78.8698","POINT (-78.8698 42.96362)"
"Erie","Kwilos Farm Farm Stand","7678 Erie Rd Derby","7678 Erie Rd.","Derby","NY","14074","Joseph Kwilos","7165496201",,"Mon-Sat 10am-6pm, Sun 10am-4pm","May 7-October 31","P/M","Y","N","N","Y","N","42.67729","-79.02178","POINT (-79.02178 42.67729)"
"Erie","MAP Mobile Market FLARE - closed",,"307 Leroy Ave","Buffalo","NY","14214","Danielle Rovillo","7168825327","http://www.mass-ave.org","Wednesday  4pm-6pm","June 3-October 21","M","N","N","N","Y","N","42.9328","-78.83418","POINT (-78.83418 42.9328)"
"Erie","MAP Mobile Market-Broadway Pediatrics","1021 Broadway Ave Buffalo","1021 Broadway","Buffalo","NY","14212","Gabriel Montone","7168825327","http://www.mass-ave.org/shop","Fri 10am-12pm","June 5-October 30","M","Y","N","N","Y","N","42.89349","-78.83677","POINT (-78.83677 42.89349)"
"Erie","MAP Mobile Market-Buffalo Adult Education","160 Edward St Buffalo","389 Virginia St.","Buffalo","NY","14201","Gabriel Montone","7168825327","http://www.mass-ave.org/shop","Thu 10am-12pm","June 4-October 29","M","Y","N","N","Y","N","42.89682","-78.87764","POINT (-78.87764 42.89682)"
"Erie","MAP Mobile Market-Jericho Road Barton","Jericho Rd Community Health Center , 184 Barton St Buffalo","184 Barton Street","Buffalo","NY","14213","Gabriel Montone","7168825327","http://www.mass-ave.org","Tue 11am-1pm","June 2-October 27","M","Y","N","N","Y","N","42.9179","-78.89466","POINT (-78.89466 42.9179)"
"Erie","MAP Mobile Market-MAP Farm Stand","387 Massachusetts Ave Buffalo","389 Massachusetts Ave.","Buffalo","NY","14213","Gabriel Montone","7168825327","http://www.mass-ave.org","Thu 3pm-6pm","June 4-October 29","M","Y","N","N","Y","N","42.9128","-78.88774","POINT (-78.88774 42.9128)"
"Erie","MAP Mobile Market-Muslim Society","1955 Genesee St Buffalo","1955 Genesee St.","Buffalo","NY","14211","Gabriel Montone","7168825327","http://www.mass-ave.org/shop","Fri 1pm-3pm","June 5-October 30","M","Y","N","N","Y","N","42.91378","-78.80951","POINT (-78.80951 42.91378)"
"Erie","MAP Mobile Market-Neighboorhood Health Center NW","155 Lawn Ave Buffalo","155 Lawn Ave","Buffalo","NY","14207","Gabriel Montone","7168825327","http://www.mass-ave.org","Wed 11am-1pm","June 3-October 28","M","Y","N","N","Y","N","42.9506","-78.8895","POINT (-78.8895 42.9506)"
"Erie","Meyer's Homegrown Farm Stand","9800 Zimmerman Rd Boston","9800 Zimmerman Road","Boston","NY","14025","Tracy Meyer","7165745594",,"Daily 8am-5pm","July 15-October 31","M","Y","N","N","Y","N","42.6135","-78.76988","POINT (-78.76988 42.6135)"
"Erie","Providence Farm Collective Farmers' Market","130 Grant St Buffalo","130 Grant Street","Buffalo","NY","14218","Loc Tran","7164739338","http://providencefarmcollective.org/farmersmarket/","Sat 10am-3pm","June 27-October 24","M","Y","Y","N","Y","N","42.91746","-78.89072","POINT (-78.89072 42.91746)"
"Erie","Urbanowicz Acres Farm Stand","1417 Eden Evans Ctr Rd","1417 Eden Evans Ctr Rd","Angola","NY","14006","Elaine Urbanowicz","7169843453","http://www.urbanowiczacres.com","Daily 11am-5pm","Year-round","YR","Y","N","N","Y","N","42.65224","-79.00035","POINT (-79.00035 42.65224)"
"Erie","West Shore Farmers' Market","Russell Park 11 Church St Akron","11 Church St","Akron","NY","14001","Julie Kowalski","7164245829",,"Thu 5pm-8pm","June 4-September 10","M","Y","N","N","Y","Y","43.02066","-78.499","POINT (-78.499 43.02066)"
"Essex","Daughters 5 Farm Stand","67 Wilson Ross Rd Crown Point","2615 Route 19","Crown Point","NY","12928","Robert Burroughs","5183542665",,"Daily 9am-5pm","July 10-October 10","M","Y","N","N","Y","N","43.95838","-73.43036","POINT (-73.43036 43.95838)"
"Essex","Drinkwine Produce Farm Stand","NYS Routes 9N & 22 Ticonderoga","Route 9N and 22 Street Road","Ticonderoga","NY","12883","Henry Drinkwine","5185856346",,"Daily 10am-5pm","July 20-October 31","M","Y","N","N","Y","N","43.88032","-73.44955","POINT (-73.44955 43.88032)"
"Essex","Elizabethtown Farmers' Market","7590 Court St, Behind Adirondack Center Museum","7590 Court St","Elizabethtown","NY","12932","Gina Agoney","5185785183","http://www.adirondackfarmersmarket.com","Fri 10am-2pm","June 12-August 28","M","Y","N","N","Y","N","44.21552","-73.59168","POINT (-73.59168 44.21552)"
"Essex","Keene Farmers' Market","Marcy Airfield Route 73","2253 State Route 73","Keene Valley","NY","12943","Brendan Richardson","5185218873","http://www.adirondackfarmersmarket.com","Sun 9am-2pm","May 24-October 11","P/M","Y","N","N","Y","N","44.22067","-73.78561","POINT (-73.78561 44.22067)"
"Essex","Schroon Lake  Farmers' Market","Town Pavilion 69 Leland Ave","69 Leland Avenue","Schroon Lake","NY","12870","Alexis King","5859440097","http://schroonlakefarmersmarket.com","Sat 9am-1pm","June 13-September 5","M","Y","N","N","Y","N","43.83632","-73.75876","POINT (-73.75876 43.83632)"
"Essex","Ticonderoga Area Farmers' Market","Champlain Ave and McMormick St","Champlain Ave and McMormick Street","Ticonderoga","NY","12883","June Curtis","5185856619","http://www.ticonderogany.com","Sat 9am-12pm","July 11-October 10","M","Y","N","N","Y","N","43.84925","-73.42296","POINT (-73.42296 43.84925)"
"Essex","Willsboro Farmers' Market","Route 22 South of Champlain National Bank","3900 NY Rt 22","Willsboro","NY","12996","Nicole Gerding","2153418934","https://www.adirondackfarmersmarket.com/willsboro-farmers-market","Thu 9am-1pm","June 11-September 3","M","Y","N","N","Y","N","44.36971","-73.395629","POINT (-73.395629 44.36971)"
"Franklin","Akwesasne Farmers' Market","30 Margaret Terrance Memorial Way","30 Margaret Terrance Memorial Way","Akwesasne","NY","13655","John Bonaparte","5186516283",,"Sat 10am-1pm","June 13-October 10","M","Y","N","N","Y","N","44.9867","-74.6755","POINT (-74.6755 44.9867)"
"Franklin","Malone Farmers' Market","27 Airport Rd (Rte 11)","27 Airport Road","Malone","NY","12953","Vicky Rayl","9254372391","http://www.adirondackfarmersmarket.com","Wed 12pm-5pm","May 13-October 7","P/M","Y","N","N","Y","N","44.84733","-74.32773","POINT (-74.32773 44.84733)"
"Franklin","Saranac Lake Farmers' Market","Riverside Park 8 Lake Flower Ave","1482 State Route 3","Saranac Lake","NY","12983","Ashley Garwood","9196165850",,"Sat 9am-1pm","May 16-October 10","P/M","Y","Y","Y","Y","N","44.32503","-74.13178","POINT (-74.13178 44.32503)"
"Franklin","Tupper Lake Farm Stand","320 Park St Tupper Lake","320 Park St.","Tupper Lake","NY","12986","Cherie Whitten","5183595112",,"Thu-Sat 10am-6pm","June 4-November 19","M","Y","N","N","Y","N","44.22528","-74.44821","POINT (-74.44821 44.22528)"
"Fulton","Gloversville Farmers' Market","Elm Street Pavilion St. Thomas Park","9 Elm Street","Gloversville","NY","12078","Michael Tillson","5188829306","http://www.fmfma.org","Sat 8:30am-12:30pm","May 9-October 17","P/M","Y","N","N","Y","N","43.052604","-74.345796","POINT (-74.345796 43.052604)"
"Fulton","Gray's Garden & Greenhouse Farm Stand","6193 State Hwy 29 Saint Johnsville","6193 State Highway 29","Saint Johnsville","NY","13452","Stephanie Gray","5185687770","http://www.graysgardenandgreenhouse.com","Thu-Sun 10am-6pm","May 1-October 11","P/M","Y","N","N","Y","N","43.05214","-74.6389","POINT (-74.6389 43.05214)"
"Fulton","Johnstown Farmers' Market","Briggs St Rec Center, Briggs St & Route 30A","Briggs Street and Route 30 A","Johnstown","NY","12095","Michael Tillson","5188829306","http://www.fmfma.org","Tue 2pm-5pm","June 23-October 13","M","Y","N","N","Y","N","43.0135","-74.36079","POINT (-74.36079 43.0135)"
"Genesee","Bergen Harvest Farmers' Market","Hickory Park 1 Hickory Way","1 Hickory Way","Bergen","NY","14416","Rene' Vurraro","5854941513",,"Tue 3pm-6pm","July 7-September 29","M","Y","N","N","Y","N","43.08901","-77.97048","POINT (-77.97048 43.08901)"
"Genesee","Corfu Farmers Market","63 Alleghany Rd","63 Alleghany Road","Corfu","NY","14036","Paula Trapani","7164231907",,"Mon 4pm-7pm","July 6-September 21","M","Y","N","N","Y","Y","42.96113","-78.40565","POINT (-78.40565 42.96113)"
"Genesee","Fenton's Produce Farm Stand","3646 W Main St Rd Batavia","3646 West Main Street Road","Batavia","NY","14020","Gail Fenton","5853562357",,"Daily 9am-6pm","May 1-December 1","P/M/X","Y","N","N","Y","N","43.00633","-78.23992","POINT (-78.23992 43.00633)"
"Genesee","Genesee Country Friday Farmers' Market","School St & Jackson St Batavia","School Street and Jackson Street","Batavia","NY","14020","Rebecca Grela","7168703828",,"Fri 8am-4pm","June 5-October 30","M","Y","N","N","Y","N","42.99905","-78.18151","POINT (-78.18151 42.99905)"
"Genesee","Genesee Country Tuesday Farmers' Market","School St & Jackson St Batavia","School Street and Jackson Street","Batavia","NY","14020","Rebecca Grela","7168703828",,"Tue 8am-4pm","June 9-October 27","M","Y","N","N","Y","N","42.99905","-78.18151","POINT (-78.18151 42.99905)"
"Genesee","J & W Farm","7971 Vallance Rd Leroy","7971 Vallance Road","LeRoy","NY","14482","Wayne Dries","5858131569",,"Sun-Fri 8am-6pm, Sat 8am-8pm","July 1-October 15","M","Y","N","N","Y","N","43.03354","-77.95373","POINT (-77.95373 43.03354)"
"Genesee","LeRoy Farmers' Market","Trigon Park E Main St","Trigon Park","Le Roy","NY","14482","Andres Manamon","5624000398","http://www.leroyfarmersmarket.wordpress.com","Sat 9am-12pm","June 6-October 3","M","Y","N","N","Y","N","42.97756","-77.98592","POINT (-77.98592 42.97756)"
"Genesee","Oatka Creek Farm Stand","8064 Oatka Trail","8064 Oatka Trail","LeRoy","NY","14482","Carolyn Fitzgerald","7168642003",,"Tue 4:30pm-6pm","May 5-October 27","P/M","Y","Y","N","Y","N","43.01482","-77.95062","POINT (-77.95062 43.01482)"
"Greene","Black Horse Farms Farm Stand","10094 Route 9W Athens","10094 Rte 9W","Athens","NY","12015","Chellie Apa","5187318776","http://www.blackhorsefarms.com","Daily 9am-6pm","Year-round","YR","Y","N","N","Y","N","42.30634","-73.85043","POINT (-73.85043 42.30634)"
"Greene","Bulich Creekside Farm Farm Stand","1682 Route 23B Leeds","1682 Route 23B","Leeds","NY","12451","Ron Bulich","5185885320",,"Daily 10am-5pm","July 1-October 31","M","Y","N","N","Y","N","42.26297","-73.92541","POINT (-73.92541 42.26297)"
"Greene","Catskill Farmers' Market","145 Water St County Lot","145 Water St","Catskill","NY","12414","Christine Ritmo","5182918779","https://www.catskillfarmersmarket.org/","Sun 10am-1pm","May 24-October 25","P/M","Y","Y","Y","Y","N","42.21975","-73.8671","POINT (-73.8671 42.21975)"
"Greene","Fromer Market Gardens Farm Stand","6120 Main St Tannersville","6120 Main Street","Tannersville","NY","12485","Samantha Metz","8622001935","http://www.fromermarketgardens.com","Sat 9am-2pm, Wed 2pm-6pm","Year-round","YR","Y","N","N","Y","N","42.19546","-74.13889","POINT (-74.13889 42.19546)"
"Greene","Stoneledge Farm Stand","145 Garcia Ln Leeds","145 Garcia Lane","Leeds","NY","12451","Candice Kavakos","5188199966","http://www.stoneledge.farm","Sat/Sun 9am-4pm","May 9-October 11","P/M","Y","N","N","Y","N","42.27878","-73.95216","POINT (-73.95216 42.27878)"
"Greene","Vernon Street Farm Farm Stand","39 2nd St Athens","39 2nd Street","Athens","NY","12015","Joshua Bary","5189450135",,"Sat 10am-1pm","May 9-November 7","P/M","Y","N","N","Y","N","42.26833","-73.80801","POINT (-73.80801 42.26833)"
"Hamilton","Speculator Farmers' Market","Speculator Ballfield 2834 Route 30","2834 State Route 30 and Elliot Ln","Speculator","NY","12164","Mary Caldwell","5185484521","http://www.speculatorchamber.com","Thu 12pm-4pm","June 18-September 3","M","Y","N","N","Y","N","43.49679","-74.36073","POINT (-74.36073 43.49679)"
"Herkimer","Dolgeville Farmers' Market","Plowe Park S Main St","Plowe Park South Main Street","Dolgeville","NY","13329","Christine Reynolds","3158684557",,"Sat 9am-1pm","May 9-October 31","P/M","Y","N","N","Y","N","43.09696","-74.77649","POINT (-74.77649 43.09696)"
"Herkimer","Hoof N Paws Farm Stand","5046 State Route 28 Newport","5046 State Route 28","Newport","NY","13416","Richard Souza","3157176101",,"Mon-Sat 9am-5pm, Sun 11am-5pm","Year-round","YR","Y","N","N","Y","N","43.15003","-74.97728","POINT (-74.97728 43.15003)"
"Herkimer","Juliano's Farm Market","2365 State Route 5 Utica","2365 State Route 5","Utica","NY","13502","Deborah E Juliano","3157238778",,"Mon-Sat 7:30am-6pm, Sun 7:30am-4pm","April 23-November 24","P/M","Y","N","N","Y","N","43.09608","-75.14626","POINT (-75.14626 43.09608)"
"Herkimer","Little Falls Farmers' & Flea Market","M&T Bank parking lot Albany St","Albany Street and 2nd Street","Little Falls","NY","13365","Mary Davis","3158662619","https://cultivateherkimer.org/farms/little-falls-farmers-market/","Sat 8am-12pm","May 9-October 31","P/M","Y","N","N","Y","N","43.04284","-74.85828","POINT (-74.85828 43.04284)"
"Herkimer","Northshire Farm Farm Stand","1067 US Highway 20 West Winfield","1067 US Highway 20","West Winfield","NY","13491","S. James Grillo","3157256226","http://www.northshirefarmstore.com","Daily 8am-8pm","Year-round","YR","Y","N","N","Y","N","42.89471","-75.14503","POINT (-75.14503 42.89471)"
"Herkimer","Old Forge Farmers' Market","Hiltebrant Recreation Center Lot, 201 North St","Crosby Blvd and Park Ave","Old Forge","NY","13420","Robin Hill","3153693353","http://livingadk.org","Fri 1pm-5pm","June 19-October 9","M","Y","N","N","Y","N","43.70893","-74.97286","POINT (-74.97286 43.70893)"
"Herkimer","West End Farm London Tower Farm Stand","100 W Main St Ilion","100 West Main Street","Ilion","NY","13357","Richard Hayes","3153683053",,"Tue 2pm-5pm","June 15-October 30","M","Y","N","N","Y","N","43.01739","-75.03885","POINT (-75.03885 43.01739)"
"Herkimer","West End Farm Mohawk Farm Stand","105 W Main St Mohawk","105 West Main Street","Mohawk","NY","13407","Richard Hayes","3153683053",,"Thu 3pm-6pm","June 18-October 29","M","Y","N","N","Y","N","43.00961","-75.0145","POINT (-75.0145 43.00961)"
"Herkimer","West End Farm NGA Farm Stand","105 Protection Ave Herkimer","105 Protection Avenue","Herkimer","NY","13350","Richard Hayes","3153683053",,"Tue 9am-12pm","June 16-October 27","M","Y","N","N","Y","N","43.0275","-74.97764","POINT (-74.97764 43.0275)"
"Herkimer","West End Farm Stand","110 West End Rd Herkimer","110 West End Rd","Herkimer","NY","13350","Richard Hayes","3153683053","http://westendfresh.com","Mon/Wed/Fri 10am-6pm","June 15-October 30","M","Y","N","N","Y","N","43.06862","-74.99038","POINT (-74.99038 43.06862)"
"Herkimer","West End Farm W Winfield Farm Stand","401 E Main St West Winfield","401 East Main Street","West Winfield","NY","13491","Richard Hayes","3153683053",,"Fri 3pm-6pm","June 15-October 30","M","Y","N","N","Y","N","42.88548","-75.19294","POINT (-75.19294 42.88548)"
"Jefferson","Bushgardens Farm Stand","10371 NYS Route 26 Carthage","10371 NYS Route 26","Carthage","NY","13619","Chris Bush","3157838642",,"Thu-Tue 6am-6pm, Wed 4pm-8pm","May 8-November 1","P/M","Y","N","N","Y","N","43.91954","-75.58686","POINT (-75.58686 43.91954)"
"Jefferson","Carthage Farmers' Market","Farmers Market Pavilion , 200 Riverside Dr","150 Riverside Drive","Carthage","NY","13619","Deborah Atkins","3154933590","http://www.carthageny.com","Fri 10am-4pm","May 22-October 9","P/M","Y","N","N","Y","N","43.97714","-75.61247","POINT (-75.61247 43.97714)"
"Jefferson","Clayton Farmers' Market","Cerow Recreation Center Lot, 615 East Line Rd","615 East Line Road","Clayton","NY","13624","Mike Hooson","3156863771","http://www.1000islands-clayton.com","Thu 10am-4pm","May 28-October 15","P/M","Y","N","N","Y","N","44.22981","-76.07713","POINT (-76.07713 44.22981)"
"Jefferson","Rustling Grass Farm","26474 Keyser Rd Evans Mills","26474 Keyser Road","Evans Mills","NY","13637","Mary Smith","3344640452",,"Mon-Sat 6am-2pm","Year-round","YR","N","N","N","Y","N","44.11048","-75.84255","POINT (-75.84255 44.11048)"
"Jefferson","T&G Farm and Garden Farm Stand","13488 County Route 155 , Adams Center","13488 County Route 155","Adams Center","NY","13606","Tyler Grandjean","3157786390",,"Thu 9am-12pm","June 1-October 31","M","Y","N","N","Y","N","43.86281","-75.96582","POINT (-75.96582 43.86281)"
"Jefferson","Watertown Farm & Craft Market","245 Washington St , State Office Building Plaza","245 Washington Street","Watertown","NY","13601","Amanda Root","3157888450","http://www.watertownfarmandcraft.com","Wed 8am-3pm","May 27-October 7","P/M","Y","N","N","Y","N","43.9726","-75.91001","POINT (-75.91001 43.9726)"
"Jefferson","Watertown Saturday Farmers' Market","JB Wise Pavilion 175 Black River Pkwy","175 Black River Parkway","Watertown","NY","13601","Jonathan Northrop","3157714395",,"Sat 9am-2pm","May 16-November 14","P/M","Y","N","N","Y","N","43.97651","-75.90988","POINT (-75.90988 43.97651)"
"Jefferson","Windswept Meadows Farm Stand","17025 Cty Rt 68 Watertown","17025 County Road 68","Watertown","NY","13601","Delta Keeney","3157881933","http://www.keeneyswindsweptmeadowsfarm.com","Daily 8am-8pm","June 28-October 30","M","Y","N","N","Y","N","43.91784","-75.87206","POINT (-75.87206 43.91784)"
"Kings","7th Ave. Sunset Park Greenmarket","7th Ave & 44th St","602 44th Street","Brooklyn","NY","11220","Daniel Olavarria","2127887900","http://www.grownyc.org/greenmarket","Sat 8am-3pm","Year-round","YR","N","Y","N","Y","N","40.64693","-74.00447","POINT (-74.00447 40.64693)"
"Kings","Bartel-Pritchard Square Wed Greenmarket","Prospect Park West & 15th St","205 Prospect Park West","Brooklyn","NY","11215","Daniel Olavarria","2127887900","http://www.grownyc.org/greenmarket","Wed 8am-2pm","Year-round","YR","N","Y","N","Y","N","40.66055","-73.97984","POINT (-73.97984 40.66055)"
"Kings","Bed Stuy GrowNYC Farm Stand","Decatur St & Lewis Ave","406 Decatur Street","Brooklyn","NY","11233","Meredith Clark","2127887900",,"Saturday 9am-2:30am","Year-Round","YR","N","N","N","Y","N","40.68218","-73.92683","POINT (-73.92683 40.68218)"
"Kings","Boro Park Greenmarket","14th Ave btwn 49th & 50th Sts","4910 14th Ave","Brooklyn","NY","11219","Daniel Olavarria","2127887900","http://www.grownyc.org/greenmarket","Thu 8am-2pm","July 9-November 19","M","Y","Y","N","Y","N","40.63349","-73.99022","POINT (-73.99022 40.63349)"
"Kings","Brooklyn Borough Hall Sat Greenmarket","Montague St & Court St","211 Montague Street","Brooklyn","NY","11201","Daniel Olavarria","2127887900","http://www.grownyc.org/greenmarket","Sat 8am-3pm","Year-round","YR","Y","Y","N","Y","N","40.69416","-73.99076","POINT (-73.99076 40.69416)"
"Kings","Brooklyn Borough Hall Tue Greenmarket","Montague St & Court St","211 Montague Street","Brooklyn","NY","11201","Daniel Olavarria","2127887900","http://www.grownyc.org/greenmarket/brooklyn/boro-hall-sa","Tue 8am-3pm","Year-round","YR","Y","Y","N","Y","N","40.69416","-73.99076","POINT (-73.99076 40.69416)"
"Kings","Carroll Gardens Greenmarket","Smith St & Carroll St","330 Smith Street","Brooklyn","NY","11231","Daniel Olavarria","2127887900","http://www.grownyc.org/greenmarket/brooklyn/carroll-gardens","Sun 8am-2pm","Year-round","YR","Y","Y","N","Y","N","40.68036","-73.99536","POINT (-73.99536 40.68036)"
"Kings","Cortelyou Greenmarket","Cortelyou Rd btwn Rugby & Argyle Rds","1305 Cortelyou Road","Brooklyn","NY","11226","Daniel Olavarria","2127887900","https://www.grownyc.org/farmstands","Sun 8am-2pm","Year-round","YR","Y","Y","N","Y","N","40.64071","-73.9659","POINT (-73.9659 40.64071)"
"Kings","Domino Park Greenmarket","River St btwn S 3rd St & S 4th St","River St btwn S 2nd & S 3rd Sts","Brooklyn","NY","11211","Daniel Olavarria","2127887900","https://www.grownyc.org","Sun 8am-3pm","June 14-November 22","M","Y","Y","N","Y","N","40.71455","-73.96777","POINT (-73.96777 40.71455)"
"Kings","East New York Farmers' Market","620 Schenck Ave","620 Schenk Ave","Brooklyn","NY","11207","Elli Sol Strich","6467389926","http://ucceny.org/enyf","Sat 9am-3pm","June 27-November 14","M","Y","Y","N","Y","Y","40.66526","-73.88661","POINT (-73.88661 40.66526)"
"Kings","Fort Greene Greenmarket","Washington Park & Dekalb","209 Washington Park","Brooklyn","NY","11205","Daniel Olavarria","2127887900","http://www.grownyc.org/greenmarket/brooklyn/fort-greene","Sat 8am-3pm","Year-round","YR","Y","Y","N","Y","N","40.68975","-73.97299","POINT (-73.97299 40.68975)"
"Kings","Grand Army Plaza Greenmarket","Prospect Park West & Flatbush Ave","1 Prospect Park","Brooklyn","NY","11238","Daniel Olavarria","2127887900","http://www.grownyc.org/greenmarket/brooklyn-grand-army-plaza","Sat 8am-4pm","Year-round","YR","Y","Y","N","Y","N","40.66062","-73.97943","POINT (-73.97943 40.66062)"
"Kings","Harvest Home Brower Park Farmers' Market","Prospect Place & Brooklyn Ave","Prospect Place and Brooklyn Ave.","Brooklyn","NY","11213","Perla Vazquez","2128283361","http://www.harvesthomefm.org","Thu 8am-3pm","May 14-November 19","P/M","Y","Y","N","Y","N","40.674","-73.94454","POINT (-73.94454 40.674)"
"Kings","Harvest Home Coney Island Farmers' Market","2567 Ocean Pkwy btwn Shore Pkwy & Ave Z","Ocean Pkwy and Avenue Z","Brooklyn","NY","11235","Perla Vazquez","2128283361","http://www.harvesthomefm.org","Fri 8am-3pm","May 15-November 20","P/M","Y","Y","N","Y","N","40.58669","-73.96578","POINT (-73.96578 40.58669)"
"Kings","Harvest Home Kings Co. Hospital Farmers' Market","Clarkson Ave btwn E 37th & E 39th Sts","492 Clarkson Ave","Brooklyn","NY","11203","Perla Vazquez","2128283361","http://www.harvesthomefm.org","Wed 8am-3pm","May 13-November 25","P/M","Y","Y","N","Y","N","40.65588","-73.94245","POINT (-73.94245 40.65588)"
"Kings","Isabahlia Farm Stand","514 Rockaway Ave","514 Rockaway Avenue","Brooklyn","NY","11212","Brenda Thompson-Duchene","7184983174","http://www.isabahlialoefinc.org","Fri/Sat 9am-3pm","July 3-October 31","M","Y","N","N","Y","N","40.66751","-73.91021","POINT (-73.91021 40.66751)"
"Kings","McCarren Park Greenmarket","N 12th St & Union Ave","228 North 12th Street","Brooklyn","NY","11222","Daniel Olavarria","2127887900","http://www.grownyc.org/greenmarket/brooklyn/greenpoint-sa","Sat 8am-3pm","Year-round","YR","Y","Y","N","Y","N","40.71945","-73.95312","POINT (-73.95312 40.71945)"
"Kings","McGolrick Park Farmers' Market","130 Russell St (Center Pavillion)","130 Russell Street","Brooklyn","NY","11222","Michael Steigman","9149234837","http://www.downtoearthmarkets.com","Sun 9am-2pm","April 5-December 20","P/M/X","Y","N","N","Y","N","40.72483","-73.94432","POINT (-73.94432 40.72483)"
"Kings","Opp Hub Farm Stand","1390 Pennsylvania Ave","1390 Pennsylvania Avenue","Brooklyn","NY","11239","Jesse Miller","9295609965",,"Thu 2pm-5pm","June 4-November 12","M","Y","N","N","Y","N","40.6471","-73.88423","POINT (-73.88423 40.6471)"
"Kings","Park Slope Farmers' Market","298 4th St at 5th Ave","298 4th Street","Brooklyn","NY","11215","Michael Steigman","9149234837","http://www.downtoearthmarkets.com","Sun 9am-2pm","April 5-December 20","P/M/X","Y","N","N","Y","N","40.6722","-73.98379","POINT (-73.98379 40.6722)"
"Kings","PS 178 Farm Stand","2163 Dean St","2163 Dean Street","Brooklyn","NY","11233","Pamela Harris","9175922719",,"Wed 12pm-3pm","Year-round","YR","N","N","N","Y","N","40.67514","-73.91535","POINT (-73.91535 40.67514)"
"Kings","Red Hook Farm Stand","560 Columbia St, Near the BASIS Independent School","560 Columbia St","Brooklyn","NY","11231","Saara Nafici","7188586782","http://www.added-value.org/farmers-market","Sat 10am-2pm","June 6-November 14","M","Y","N","N","Y","N","40.67237","-74.00884","POINT (-74.00884 40.67237)"
"Kings","Riseboro Hope Ball Field Farmers' Market","Knickerbocker Ave btwn Menahan & Grove Sts","Knickerbocker Ave","Bushwick","NY","10301","Tristan Rodriguez","9395990073","http://www.riseboro.org","Wed 9am-3pm","June 10-November 18","M","Y","Y","N","Y","N","40.70117","-73.92252","POINT (-73.92252 40.70117)"
"Kings","Riseboro Irving Square Farmers' Market","Knickerbocker Ave & Weirfield St","Knickerbocker Ave between Wierfield and Halsey Streets","Brooklyn","NY","10302","Tristan Rodriguez","9395990073",,"Sun 9am-3pm","May 24-November 22","M","Y","N","N","Y","N","40.69325","-73.90859","POINT (-73.90859 40.69325)"
"Kings","Riseboro Maria Hernandez Pk Farmers' Market","Knickerbocker Ave at Starr & Suydam","Knickerbocker Avenue","Brooklyn","NY","11206","Tristan Rodriguez","9395990073","http://www.riseboro.org","Sat 8am-3pm","May 23-November 21","P/M","Y","N","N","Y","N","40.70257","-73.92497","POINT (-73.92497 40.70257)"
"Kings","Saratoga Farm Stand","1965 Fulton St Brooklyn","1965 Fulton Street","Brooklyn","NY","11233","Jenae Russell","7187733551","http://tcahnyc.org","Sat 10am-2pm","July 11-November 21","M","Y","Y","N","Y","N","40.67849","-73.9162","POINT (-73.9162 40.67849)"
"Kings","Seeds in the Middle Brownsville PS 184 Farm Stand","273 Newport Rd","273 Newport Rd","Brooklyn","NY","11212","Nancie Katz","8627013858","http://seedsinthemiddle.org","Fri 2:30pm-4:30pm","March 25-November 30","W/P/M","Y","N","N","Y","N","40.65959","-73.90698","POINT (-73.90698 40.65959)"
"Kings","Seeds in the Middle Crown Heights Farm Stand","318 Rodgers Avenue Brooklyn","318 Rodgers Avenue","Brooklyn","NY","11233","Nancie Katz","8627013858","http://seedsinthemiddle.org","Sat 2:30pm-4:30pm","Year-round","YR","Y","N","N","Y","N","40.66569","-73.95382","POINT (-73.95382 40.66569)"
"Kings","Seeds in the Middle Flatbush Farm Stand","525 Lenox Ave","1401 Flatbush Ave","Brooklyn","NY","11210","Nancie Katz","8627013858","http://seedsinthemiddle.org","Thu 2:30pm-5:30pm","April 20-December 30","P/M","Y","N","N","Y","N","40.6367","-73.95151","POINT (-73.95151 40.6367)"
"Kings","Seeds in the Middle PS 241 Farm Stand","976 President St Brooklyn","976 President Street","Brooklyn","NY","11225","Nancie Katz","8627013858",,"Fri 2:30pm-5:30pm","April 1-November 25","P/M","Y","N","N","Y","N","40.6691","-73.96052","POINT (-73.96052 40.6691)"
"Kings","Seeds in the Middle Sunset Park Farm Stand","309 47th St Brooklyn","309 47th Street","Brooklyn","NY","11220","Nancie Katz","8627013858","http://www.seedsinthemiddle.org","Wed 2:30pm-4:30pm","May 1-December 31","P/M","Y","N","N","Y","N","40.6491","-74.01183","POINT (-74.01183 40.6491)"
"Kings","Urban Oasis Farm Stand","Kingsboro Psychiatric Center, 681 Clarkson Ave","681 Clarkson Ave","Brooklyn","NY","11203","Roman Duvin","7182217086",,"Wed 12:30pm-4pm","June 18-November 5","M","Y","N","N","Y","N","40.65621","-73.93741","POINT (-73.93741 40.65621)"
"Lewis","Colwell's Farm Market and Garden Center","6007 State Rte 12 Glenfield","6007 State Route 12","Glenfield","NY","13343","Michael Colwell","3153767402","http://www.colwellsfarmmarket.com","Mon-Sat 8am-6pm, Sun 9am-5pm","April 1-November 25","P/M","Y","N","N","Y","N","43.71844","-75.41148","POINT (-75.41148 43.71844)"
"Lewis","Lowville Farm & Craft Farmers' Market","Lewis Co Fairgrounds 5485 Bostwick St","5485 Bostwick Street","Lowville","NY","13367","Yvonne Bamann","6072374254",,"Sat 8am-2pm","June 6-September 26","M","Y","N","N","Y","N","43.79484","-75.48769","POINT (-75.48769 43.79484)"
"Lewis","Lyons Falls ALIVE Farmers' Market","Riverside Park 6904 Laura St","6904 Laura St","Lyons Falls","NY","13368","Catherine Liendecker","3153488744","http://www.lewisfirst.com/lyonsfallsalive","Tue 11am-4pm","June 9-September 29","M","Y","Y","N","Y","N","43.61458","-75.3562","POINT (-75.3562 43.61458)"
"Lewis","Mast Family Produce Farm Stand","4090 Nefsey Rd Lowville","4090 Nefsey Road","Lowville","NY","13367","Eli Mast","3154152567",,"Thu 11am-2pm","July 2-October 8","M","Y","N","N","Y","N","43.80488","-75.56254","POINT (-75.56254 43.80488)"
"Lewis","Widrick's Farm Stand","6318 E Main St Turin","6318 East Main Street","Turin","NY","13473","Clifford Widrick","3153486058",,"Daily 7am-7pm","June 15-October 1","M","Y","N","N","Y","N","43.628","-75.40925","POINT (-75.40925 43.628)"
"Livingston","Lima Presbyterian Church Farmers' Market","7295 W Main St Corner of Route 15A","7295 W. Main St.","Lima","NY","14485","Carolyn Fleming","5855008551","http://limapreschurch.org","Tue 3pm-6pm","June 23-October 20","M","Y","N","N","Y","N","42.90496","-77.61175","POINT (-77.61175 42.90496)"
"Madison","Cazenovia Farmers Market","Memorial Park 36-38 Albany St","36-38 Albany Street Memorial Park","Cazenovia","NY","13035","Elizabeth Blackburn","3156627565","http://www.cazenoviachamber.com","Sat 9am-2pm","May 2-October 24","P/M","Y","N","N","Y","N","42.92943","-75.85504","POINT (-75.85504 42.92943)"
"Madison","Chittenango Tue in the Park Farmers' Market","Dr West Memorial Park 222 Genesee St","222 Genesee St.","Chittenango","NY","13037","Brian Kirsch","3156972950",,"Tue 4pm-8pm","June 9-September 8","M","Y","Y","Y","Y","N","43.04499","-75.86571","POINT (-75.86571 43.04499)"
"Madison","Dizzy Lizzie's Farm Farm Stand","3823 Sanderson Rd Erieville","3823 Sanderson Rd","Erieville","NY","13061","Elizabeth Blackburn","3156627565","http://www.dizzylizziesfarm.com","Tue 9am-12pm","June 2-October 5","M","Y","N","N","Y","N","42.83934","-75.74399","POINT (-75.74399 42.83934)"
"Madison","Hamilton Farmers Market","Village Green 3 Broad St","3 Broad St","Hamilton","NY","13346","McKenzie Bolan","3158241111","http://www.hamilton-ny.gov","Sat 8am-1pm","May 2-October 24","P/M","Y","Y","Y","Y","N","42.82684","-75.54436","POINT (-75.54436 42.82684)"
"Madison","Kubecka Farm Roadside Stand","691 Chestnut Ridge Rd Kirkville","691 Chestnut Ridge Rd","Kirkville","NY","13082","Emma Adams","3156875103",,"Mon-Fri 10am-6pm, Sat 10am-5pm","June 1-October 31","M","Y","N","N","Y","N","43.11239","-75.94782","POINT (-75.94782 43.11239)"
"Madison","Mosher Farms Farm Stand","3214 Fargo Rd Bouckville","3214 Fargo Rd","Bouckville","NY","13310","Terry Mosher","3158937173","http://www.mosherfarms.com","Mon-Sat 9am-6pm, Sun 9am-5pm","June 5-October 31","M","Y","N","N","Y","N","42.87972","-75.57175","POINT (-75.57175 42.87972)"
"Monroe","Brightlys Farms Farm Stand","525 Drake Rd Hamlin","525 Drake Road","Hamlin","NY","14464","Betsy Brightly","5856364337","http://www.brightlyfarms.com","Mon-Sat 9am-5pm","Year-round","YR","Y","Y","N","Y","N","43.29471","-77.94344","POINT (-77.94344 43.29471)"
"Monroe","Brighton Farmers' Market","Golisano Institute, 150 Sawgrass Dr Rochester","150 Sawgrass Drive","Rochester","NY","14620","Abby Merz","5857845264","http://www.brightonfarmersmarket.org","Sun 9am-1pm","April 26-November 22","P/M","Y","Y","Y","Y","N","43.12204","-77.56808","POINT (-77.56808 43.12204)"
"Monroe","Brighton WINTER Farmers' Market","1435 Westfall Rd Rochester","1435 Westfall Rd Rochester","Rochester","NY","14618","Sue Gardner-Smith","5852698918","http://www.brightonfarmersmarket.org","Sun 10am-1pm","November 20-April 19","M/X/W/P","N","Y","Y","Y","N","43.11489","-77.58105","POINT (-77.58105 43.11489)"
"Monroe","Curbside Market-Abraham Lincoln Apartments","355 N Park Dr Rochester","355 N Park Dr","Rochester","NY","14609","Mitch Gruber","5853283380","http://www.foodlinkny.org","Tue 11:45am-12:15pm","Year-round","YR","Y","Y","N","Y","N","43.18972","-77.57741","POINT (-77.57741 43.18972)"
"Monroe","Curbside Market-Andrews Terrace","125 St. Paul St Rochester","125 Saint Paul Street","Rochester","NY","14604","Mitch Gruber","5853283380","http://www.foodlinkny.org","Wed 2pm-3pm","Year-round","YR","Y","Y","N","Y","N","43.15872","-77.61047","POINT (-77.61047 43.15872)"
"Monroe","Curbside Market-Arnett Library","310 Arnett Blvd","310 Arnett Boulevard","Rochester","NY","14619","Mitch Gruber","5853283380","http://www.foodlinkny.org","Wed 11:30am-12:15pm","Year-round","YR","Y","Y","N","Y","N","43.14068","-77.63599","POINT (-77.63599 43.14068)"
"Monroe","Curbside Market-Beechwood Neighborhood","441 Parsells Ave Rochester","441 Parsells Ave","Rochester","NY","14609","Matthew Reifsteck","5854134057","http://www.foodlinkny.org","Fri 11:45am-12:30pm","Year-round","YR","N","N","N","Y","N","43.1658","-77.56665","POINT (-77.56665 43.1658)"
"Monroe","Curbside Market-Blackwell Estates","5 Antoinette Dr","5 Antoinette Drive","Rochester","NY","14623","Mitch Gruber","5853283380","http://www.foodlinkny.org","Fri 11:30am-12:30pm","Year-round","YR","Y","Y","N","Y","N","43.08254","-77.60786","POINT (-77.60786 43.08254)"
"Monroe","Curbside Market-Carriage Factory Apts","33 Litchfield St Rochester","33 Litchfield Street","Rochester","NY","14608","Mitch Gruber","5853283380","http://www.foodlinkny.org","Tue 2pm-3pm","Year-round","YR","Y","Y","N","Y","N","43.15396","-77.62575","POINT (-77.62575 43.15396)"
"Monroe","Curbside Market-Cedar Hill Terrace","46 Cedar Terrace Hilton","46 Cedar Terrace","Hilton","NY","14468","Matthew Reifsteck","5854134057","http://foodlinkny.org","Thu 12pm-12:30pm","Year-round","YR","N","N","N","Y","N","43.28254","-77.78845","POINT (-77.78845 43.28254)"
"Monroe","Curbside Market-Center City Courtyard","99 W Main St","99 West Main Street","Rochester","NY","14614","Mitch Gruber","5853283380","http://www.foodlinkny.org","Sat 2:30pm-3:30pm","Year-round","YR","Y","N","N","Y","N","43.08363","-77.60593","POINT (-77.60593 43.08363)"
"Monroe","Curbside Market-Charlotte Harbortown (Lake Ave)","4575 Lake Ave Rochester","4575 Lake Avenue","Rochester","NY","14612","Mitch Gruber","5853283380","http://www.foodlinkny.org","Fri 2:15pm-3:15pm","Year-round","YR","Y","Y","N","Y","N","43.25492","-77.61411","POINT (-77.61411 43.25492)"
"Monroe","Curbside Market-Charlotte Harbortown (River St)","60 River St Rochester","60 River Street","Rochester","NY","14612","Mitch Gruber","5853283380","http://www.foodlinkny.org","Fri 3:30pm-4:30pm","Year-round","YR","Y","Y","N","Y","N","43.2444","-77.61607","POINT (-77.61607 43.2444)"
"Monroe","Curbside Market-Community Place","145 Parsells Ave","145 Parsells Avenue","Rochester","NY","14609","Mitch Gruber","5853283380","http://www.foodlinkny.org","Fri 11:45am-12:30pm","Year-round","YR","Y","N","N","Y","N","43.16691","-77.61039","POINT (-77.61039 43.16691)"
"Monroe","Curbside Market-Cornerstone Pointe","3 GBC Parkway Greece","3 GBC Parkway","Greece","NY","14626","Mitch Gruber","5853283380","http://www.foodlinkny.org","Mon 1:15pm-2pm","Year-round","YR","Y","Y","N","Y","N","43.21335","-77.69366","POINT (-77.69366 43.21335)"
"Monroe","Curbside Market-Danforth Towers","140 West Ave Rochester","140 West Avenue","Rochester","NY","14611","Mitch Gruber","5853283380","http://www.foodlinkny.org","Tue 3:30pm-4:15pm","Year-round","YR","Y","Y","N","Y","N","43.15038","-77.64166","POINT (-77.64166 43.15038)"
"Monroe","Curbside Market-DePaul Ridgeview","109 Marburger St Rochester","109 Marburger Street","Rochester","NY","14621","Mitch Gruber","5853283380","http://www.foodlinkny.org","Wed 4pm-4:30pm","Year-round","YR","Y","Y","N","Y","N","43.19375","-77.6078","POINT (-77.6078 43.19375)"
"Monroe","Curbside Market-DHS Westfall","111 Westfall Rd Rochester","111 Westfall Rd.","Rochester","NY","14620","Mitch Gruber","5853283380","http://www.foodlinkny.org","Thu 10:30am-11:15am","Year-round","YR","Y","Y","N","Y","N","43.11451","-77.61886","POINT (-77.61886 43.11451)"
"Monroe","Curbside Market-Dunn Towers","100 Dunn Tower Dr Rochester","100 Dunn Tower Drive","Rochester","NY","14606","Mitch Gruber","5853283380","http://www.foodlinkny.org","Mon 2:30pm-3:30pm","Year-round","YR","Y","Y","N","Y","N","43.16924","-77.69727","POINT (-77.69727 43.16924)"
"Monroe","Curbside Market-Durand Senior Apartments","4250 Culver Rd Rochester","4250 Culver Rd","Rochester","NY","14622","Mitch Gruber","5853283380","http://www.foodlinkny.org","Fri 10:15am-11:15am","Year-round","YR","Y","Y","N","Y","N","43.22598","-77.54736","POINT (-77.54736 43.22598)"
"Monroe","Curbside Market-Eastman Reserve Apts","303 Eastman Ave","303 Eastman Avenue","Rochester","NY","14615","Mitch Gruber","5853283380","http://www.foodlinkny.org","Thu 3:45pm-4:30pm","Year-round","YR","Y","N","N","Y","N","42.88816","-77.31422","POINT (-77.31422 42.88816)"
"Monroe","Curbside Market-EL Towers","500 South Ave Rochester","500 South Ave","Rochester","NY","14620","Matthew Reifsteck","5854134057","http://www.foodlinkny.org","Tue 3:30pm-4:15pm","Year-round","YR","N","N","N","Y","N","43.1465","-77.60524","POINT (-77.60524 43.1465)"
"Monroe","Curbside Market-Ellison Park Apts","44 Bobrich Drive Rochester","44 Bobrich Drive","Rochester","NY","14610","Matthew Reifsteck","5854134057","http://www.foodlinkny.org","Sat 11am-12pm","Year-round","YR","N","N","N","Y","N","43.14917","-77.5466","POINT (-77.5466 43.14917)"
"Monroe","Curbside Market-ESLC East Ave","270 East Ave Rochester","270 East Avenue","Rochester","NY","14604","Mitch Gruber","5853283380","http://www.foodlinkny.org","Tue 12pm-12:45pm","Year-round","YR","Y","Y","N","Y","N","43.15569","-77.59664","POINT (-77.59664 43.15569)"
"Monroe","Curbside Market-ESLC Rockwood Ctr","3833 E Henrietta Rd","3833 E Henrietta Rd","Henrietta","NY","14467","Mitch Gruber","5853283380","http://www.foodlinkny.org","Fri 10:30am-11:15am","Year-round","YR","Y","Y","N","Y","N","43.04649","-77.62499","POINT (-77.62499 43.04649)"
"Monroe","Curbside Market-Fairport Apartments","1030 Whitney Rd E Fairport","1030 Whitney Road E","Fairport","NY","14450","Mitch Gruber","5853283380","http://www.foodlinkny.org","Thu 10:30am-11:15am","Year-round","YR","Y","Y","N","Y","N","43.10913","-77.43938","POINT (-77.43938 43.10913)"
"Monroe","Curbside Market-FIGHT Village Apts","186 Ward St Rochester","186 Ward Street","Rochester","NY","14605","Matthew Reifsteck","5854134057","http://www.foodlinkny.org","Thu 2:15pm-3pm","Year-round","YR","N","N","N","Y","N","43.16564","-77.60815","POINT (-77.60815 43.16564)"
"Monroe","Curbside Market-Gateway Apartments","345 Spencerport Rd","345 Spencerport Road","Rochester","NY","14606","Mitch Gruber","5853283380","http://www.foodlinkny.org","Mon 3:45pm-4:15pm","Year-round","YR","Y","N","N","Y","N","43.19219","-77.65988","POINT (-77.65988 43.19219)"
"Monroe","Curbside Market-Hall of Justice","99 Exchange Blvd","99 Exchange Boulevard","Rochester","NY","14608","Mitch Gruber","5853283380","http://www.foodlinkny.org","Mon 2pm-3:15pm","Year-round","YR","Y","N","N","Y","N","43.192695","-77.659902","POINT (-77.659902 43.192695)"
"Monroe","Curbside Market-Hudson Ridge Tower","401 Seneca Manor Dr Rochester","401 Seneca Manor Drive","Rochester","NY","14621","Matthew Reifsteck","5854134057","http://www.foodlinkny.org","Wed 2:45pm-3:45pm","Year-round","YR","N","N","N","Y","N","43.19309","-77.60324","POINT (-77.60324 43.19309)"
"Monroe","Curbside Market-Irondequoit Meadow Reserve","100 Hulda Park Rochester","100 Hulda Park","Rochester","NY","14609","Mitch Gruber","5853283380","http://www.foodlinkny.org","Tue 2:30pm-3:15pm","Year-round","YR","Y","Y","N","Y","N","43.19479","-77.56041","POINT (-77.56041 43.19479)"
"Monroe","Curbside Market-James Dobson Apartments","150 Van Auker St Rochester, (in front main building)","150 Van Auker Street","Rochester","NY","14608","Mitch Gruber","5853283380","http://www.foodlinkny.org","Sat 12pm-1pm","Year-round","YR","Y","Y","N","Y","N","43.14997","-77.62109","POINT (-77.62109 43.14997)"
"Monroe","Curbside Market-Keeler Park Apartments","501 Seneca Manor Dr Rochester","501 Seneca Manor Dr.","Rochester","NY","14621","Mitch Gruber","5853283380","http://www.foodlinkny.org","Wed 2:30pm-4pm","Year-round","YR","Y","Y","N","Y","N","43.19395","-77.60168","POINT (-77.60168 43.19395)"
"Monroe","Curbside Market-Kennedy Towers","666 S Plymouth Ave Rochester, Parking lot on Edith St","666 South Plymouth Ave","Rochester","NY","14608","Mitch Gruber","5853283380","http://www.foodlinkny.org","Mon 3:30pm-4:30pm","Year-round","YR","Y","Y","N","Y","N","43.14251","-77.61894","POINT (-77.61894 43.14251)"
"Monroe","Curbside Market-Lake Tower Apartments","321 Lake Ave Rochester (Parking lot)","321 Lake Ave.","Rochester","NY","14608","Mitch Gruber","5853283380","http://www.foodlinkny.org","Tue 10:30am-11:30am","Year-round","YR","Y","Y","N","Y","N","43.17054","-77.62751","POINT (-77.62751 43.17054)"
"Monroe","Curbside Market-Lexington Ct Apts","6 Christopher St Rochester","6 Christopher St","Rochester","NY","14606","Matthew Reifsteck","5854134057","http://www.foodlinkny.org","Thu 3:30pm-4:15pm","Year-round","YR","N","N","N","Y","N","43.1791","-77.66474","POINT (-77.66474 43.1791)"
"Monroe","Curbside Market-LifeSpan Wolk Caf�","25 Franklin St Near Liberty Pole Way","25 Franklin Street","Rochester","NY","14604","Mitch Gruber","5853283380","http://www.foodlinkny.org","Mon 12:30pm-1:30pm","Year-round","YR","Y","Y","N","Y","N","43.15805","-77.60484","POINT (-77.60484 43.15805)"
"Monroe","Curbside Market-Long Pond Sr Housing","1 GBC Parkway Greece","1230 Long Pond Road","Rochester","NY","14626","Mitch Gruber","5853283380","http://www.foodlinkny.org","Mon 12:30pm-1pm","Year-round","YR","Y","Y","N","Y","N","43.2122","-77.69579","POINT (-77.69579 43.2122)"
"Monroe","Curbside Market-Manhattan Sq Family Medicine","454 E Broad St Rochester","454 E Broad St","Rochester","NY","14607","Mitch Gruber","5853283380","http://www.foodlinkny.org","Thu 2pm-3pm","Year-round","YR","Y","Y","N","Y","N","43.15531","-77.59957","POINT (-77.59957 43.15531)"
"Monroe","Curbside Market-Maplewood YMCA","25 Driving Park Ave Rochester","25 Driving Park Ave","Rochester","NY","14613","Mitch Gruber","5853283380","http://www.foodlinkny.org","Wed 12:15pm-1:15pm","Year-round","YR","Y","Y","N","Y","N","43.18092","-77.63017","POINT (-77.63017 43.18092)"
"Monroe","Curbside Market-Marketplace Senior Apts","1100 Miracle Mile Dr","1100 Miracle Mile Drive","Rochester","NY","14623","Mitch Gruber","5853283380","http://www.foodlinkny.org","Fri 2:15pm-3pm","Year-round","YR","Y","N","N","Y","N","43.0719","-77.30617","POINT (-77.30617 43.0719)"
"Monroe","Curbside Market-Midvale Commons","2770 Baird Rd","2770 Baird Road","Rochester","NY","14450","Mitch Gruber","5853283380","http://www.foodlinkny.org","Thu 11:30am-12:15pm","Year-round","YR","Y","N","N","Y","N","42.95845","-77.13385","POINT (-77.13385 42.95845)"
"Monroe","Curbside Market-New Life Fellowship","360 Wellington Ave","360 Wellington Ave","Rochester","NY","14619","Matthew Reifsteck","5854134057","http://foodlinkny.org","Wed 11:30am-12:15pm","Year-round","YR","N","N","N","Y","N","43.14139","-77.64044","POINT (-77.64044 43.14139)"
"Monroe","Curbside Market-OACES Family Learning Ctr","30 Hart St Rochester","30 Hart Street","Rochester","NY","14605","Mitch Gruber","5853283380","http://www.foodlinkny.org","Fri 2:30pm-3:15pm","Year-round","YR","Y","Y","N","Y","N","43.17112","-77.61814","POINT (-77.61814 43.17112)"
"Monroe","Curbside Market-Phillips Village","100 Krieger Rd Webster","100 Krieger Rd.","Webster","NY","14580","Matthew Reifsteck","5854134057","http://www.foodlinkny.org","Sat 2:30-3:30pm","Year-round","YR","N","N","N","Y","N","43.20943","-77.4189","POINT (-77.4189 43.20943)"
"Monroe","Curbside Market-Pinnacle Place Apartments","919 S Clinton Ave Rochester","919 South Clinton Ave","Rochester","NY","14620","Mitch Gruber","5853283380","http://www.foodlinkny.org","Wed 10:30am-11:45am","Year-round","YR","Y","Y","N","Y","N","43.14006","-77.59637","POINT (-77.59637 43.14006)"
"Monroe","Curbside Market-Plymouth Gardens","1400 S Plymouth Ave Rochester","1400 S Plymouth Ave.","Rochester","NY","14611","Mitch Gruber","5853283380","http://www.foodlinkny.org","Fri 11:30am-12:45pm","Year-round","YR","Y","Y","N","Y","N","43.13192","-77.6339","POINT (-77.6339 43.13192)"
"Monroe","Curbside Market-Refugees Helping Refugees","228 S Plymouth Ave","228 South Plymouth Avenue","Rochester","NY","14608","Mitch Gruber","5853283380","http://www.foodlinkny.org","Wed 2:45pm-3:30pm","Year-round","YR","Y","N","N","Y","N","43.14406","-77.58938","POINT (-77.58938 43.14406)"
"Monroe","Curbside Market-Rochester Highlands","47 Green Knolls Dr","47 Green Knolls Dr","Rochester","NY","14620","Mitch Gruber","5853283380","http://www.foodlinkny.org/CurbsideMarket","Fri 3:30pm-4:30pm","Year-round","YR","Y","Y","N","Y","N","43.11568","-77.61362","POINT (-77.61362 43.11568)"
"Monroe","Curbside Market-Rochester Psychiatric Ctr","1111 Elmwood Ave","1111 Elmwood Avenue","Rochester","NY","14620","Mitch Gruber","5853283380","http://www.foodlinkny.org","Fri 10:30am-11:15am","Year-round","YR","Y","Y","N","Y","N","43.12219","-77.61222","POINT (-77.61222 43.12219)"
"Monroe","Curbside Market-Rochester View Apartments","4365 W Henrietta Rd Henrietta","4365 W Henrietta Road","Henrietta","NY","14467","Mitch Gruber","5853283380","http://www.foodlinkny.org","Wed 3:30pm-4pm","Year-round","YR","Y","Y","N","Y","N","43.06563","-77.64833","POINT (-77.64833 43.06563)"
"Monroe","Curbside Market-Seneca Towers","200 Seth Green Dr","200 Seth Green St","Rochester","NY","14621","Mitch Gruber","5853283380","http://www.foodlinkny.org","Tue 11:45am-12:45pm","Year-round","YR","Y","Y","N","Y","N","43.1904","-77.61943","POINT (-77.61943 43.1904)"
"Monroe","Curbside Market-Skyview Park Apts","200 Skyview Park Ctr, Next to leasing office","200 Skyview Park Ctr","Rochester","NY","14622","Mitch Gruber","5853283380","http://foodlinkny.org","Tue 3:30pm-4:30pm","Year-round","YR","Y","Y","N","Y","N","43.1997","-77.56908","POINT (-77.56908 43.1997)"
"Monroe","Curbside Market-St. Ann's Adult Day Center","1500 Portland Ave Rochester","1500 Portland Avenue","Rochester","NY","14621","Mitch Gruber","5853283380","http://www.foodlinkny.org","Tue 10:30am-11:30am","Year-round","YR","Y","Y","N","Y","N","43.19411","-77.5813","POINT (-77.5813 43.19411)"
"Monroe","Curbside Market-St. Bernard Park Apts","2260 Lake Ave Rochester","2260 Lake Ave.","Rochester","NY","14612","Mitch Gruber","5853283380","http://www.foodlinkny.org","Fri 3:45pm-4:30pm","Year-round","YR","Y","Y","N","Y","N","43.20764","-77.62947","POINT (-77.62947 43.20764)"
"Monroe","Curbside Market-Tailor Square Apartments","1155 N Clinton Ave","1155 North Clinton Avenue","Rochester","NY","14621","Mitch Gruber","5853283380","http://www.foodlinkny.org","Tue 4pm-4:45pm","Year-round","YR","Y","N","N","Y","N","43.17669","-77.6134","POINT (-77.6134 43.17669)"
"Monroe","Curbside Market-The Hamilton Apts","185 Mt Hope Ave Rochester","185 Mount Hope Avenue","Rochester","NY","14620","Mitch Gruber","5853283380","http://www.foodlinkny.org","Sat 10:30am-11:45am","Year-round","YR","Y","Y","N","Y","N","43.14573","-77.61013","POINT (-77.61013 43.14573)"
"Monroe","Curbside Market-The Hub at Elite","919 Culver Rd","919 Culver Road","Rochester","NY","14609","Mitch Gruber","5853283380","http://www.foodlinkny.org","Thu 11:45am-12:30pm","Year-round","YR","Y","N","N","Y","N","43.05012","-77.07939","POINT (-77.07939 43.05012)"
"Monroe","Curbside Market-Thurston Road YMCA","597 Thurston Rd Rochester","597 Thurston Rd","Rochester","NY","14619","Mitch Gruber","5853283380","http://www.foodlinkny.org","Wed 10:30am-11:15am","Year-round","YR","Y","Y","N","Y","N","43.132866","-77.651137","POINT (-77.651137 43.132866)"
"Monroe","Curbside Market-Trillium Health","259 Monroe Ave, Parking Monroe Ave + Union St corner","259 Monroe","Rochester","NY","14607","Matthew Reifsteck","5854134057","http://www.foodlinkny.org","Mon 2pm-2:45pm","Year-round","YR","N","N","N","Y","N","43.14959","-77.59906","POINT (-77.59906 43.14959)"
"Monroe","Curbside Market-University Tower","625 University Ave Rochester","625 University Avenue","Rochester","NY","14607","Mitch Gruber","5853283380","http://www.foodlinkny.org","Thu 2:45pm-3:15pm","Year-round","YR","Y","Y","N","Y","N","43.15595","-77.58613","POINT (-77.58613 43.15595)"
"Monroe","Curbside Market-Upper Falls Square Apts","Merrimac St Parking Lot, 396 Hudson Ave Rochester","396 Hudson Ave","Rochester","NY","14604","Matthew Reifsteck","5854134057","http://www.foodlinkny.org","Wed 10:45am-11:30am","Year-round","YR","N","N","N","Y","N","43.17109","-77.60063","POINT (-77.60063 43.17109)"
"Monroe","Curbside Market-Venture PROS","975 Elmwood Ave. Rochester","975 Elmwood Ave.","Rochester","NY","14620","Matthew Reifsteck","5854134057","http://www.foodlinkny.org","Fri 11:30am-12:30pm","Year-round","YR","N","N","N","Y","N","43.12489","-77.6126","POINT (-77.6126 43.12489)"
"Monroe","Curbside Market-VOC Liberty Landing Apts","185 Scio St Rochester","185 Scio St","Rochester","NY","14605","Mitch Gruber","5853283380","http://foodlinkny.org","Thu 2pm-2:30pm","Year-round","YR","Y","Y","N","Y","N","43.16041","-77.59841","POINT (-77.59841 43.16041)"
"Monroe","Curbside Market-Warfield Square","1337 E Main St","1337 E. Main St.","Rochester","NY","14609","Matthew Reifsteck","5854134057","http://foodlinkny.org","Wed 3:15pm-4:15pm","Year-round","YR","N","N","N","Y","N","43.16084","-77.5761","POINT (-77.5761 43.16084)"
"Monroe","Curbside Market-Winton Gardens Towers","2052 E Main St Rochester, Parking lot off Cedarwood Terrace","2052 East Main St","Rochester","NY","14609","Mitch Gruber","5853283380","http://www.foodlinkny.org","Tue 2:30pm-3:30pm","Year-round","YR","Y","Y","N","Y","N","43.16076","-77.55556","POINT (-77.55556 43.16076)"
"Monroe","Curbside Market-YWCA Apartments","175 N Clinton Ave Rochester","175 North Clinton Ave","Rochester","NY","14604","Mitch Gruber","5853283380","http://www.foodlinkny.org","Thu 3:15pm-4:15pm","Year-round","YR","Y","Y","N","Y","N","43.16073","-77.6082","POINT (-77.6082 43.16073)"
"Monroe","Greece Ridge Mall Sat Farmers' Market","271 Greece Ridge Center Dr Rochester","271 Greece Ridge Center Drive","Rochester","NY","14626","Owen Hetherington","5852251140","http://www.themallatgreeceridge.com","Sat 8am-2pm","June 6-October 24","M","Y","N","N","Y","N","43.20677","-77.69406","POINT (-77.69406 43.20677)"
"Monroe","Greece Ridge Mall Thu Farmers' Market","271 Greece Ridge Center Dr Rochester","271 Greece Ridge Center Drive","Rochester","NY","14626","Owen Hetherington","5852251140","http://www.themallatgreeceridge.com","Thu 8am-2pm","June 4-November 21","M","Y","N","N","Y","N","43.20677","-77.69406","POINT (-77.69406 43.20677)"
"Monroe","Kirby's Farm Market","9739 Ridge Rd Brockport","9739 Ridge Rd","Brockport","NY","14420","Linda Kirby","5856372600","http://www.kirbysfm.com","Daily 10am-6pm","May 1-December 24","P/M/X","Y","N","N","Y","N","43.25194","-77.98451","POINT (-77.98451 43.25194)"
"Monroe","Market 1892 Farm Stand","3334 Brockport Spencerport Rd Spencerport","3334 Brockport Spencerport Road","Spencerport","NY","14559","Brook DeConinck","5853634785",,"Mon-Fri 9am-6pm, Sat/Sun 8am-5pm","Year-round","YR","Y","N","N","Y","N","43.18763","-77.83524","POINT (-77.83524 43.18763)"
"Monroe","Partyka Farms Farm Stand","1420 County Line Rd Kendall","1420 County Line Road","Kendall","NY","14476","Lora Partyka","5857520258","http://www.partykafarms.com","Daily 9am-9pm","Year-round","YR","Y","N","N","Y","N","43.29811","-77.99549","POINT (-77.99549 43.29811)"
"Monroe","Rochester Public Market - Saturday","280 N Union St off East Main St","280 North Union St.","Rochester","NY","14609","Robert Sharman","5854286907","http://www.cityofrochester.gov/publicmarket","Sat 6am-3pm","Year-round","YR","Y","Y","Y","Y","N","43.1657","-77.59016","POINT (-77.59016 43.1657)"
"Monroe","Rochester Public Market - Thursday","280 N Union St off East Main St","280 North Union St.","Rochester","NY","14609","Robert Sharman","5854286907","http://www.cityofrochester.gov/publicmarket","Thu 6am-1pm","Year-round","YR","Y","Y","Y","Y","N","43.1657","-77.59016","POINT (-77.59016 43.1657)"
"Monroe","Rochester Public Market - Tuesday","280 N Union St off East Main St","280 North Union St.","Rochester","NY","14609","Robert Sharman","5854286907","http://www.cityofrochester.gov/publicmarket","Tue 6am-1pm","Year-round","YR","Y","Y","Y","Y","N","43.1657","-77.59016","POINT (-77.59016 43.1657)"
"Monroe","Webster's Joe Obbie Farmers' Market","1034 Ridge Rd","1034 Ridge Road","Webster","NY","14580","Jason Bliek","5852611533","http://www.websterfarmersmarket.org","Sat 8:30am-1pm","June 13-October 31","M","Y","N","N","Y","N","43.20964","-77.45416","POINT (-77.45416 43.20964)"
"Monroe","Westside Farmers' Market","St. Monica's Church Lot, 831 Genesee St Rochester","831 Genesee St","Rochester","NY","14611","Jessica DiSalvo","5852103422","http://www.westsidemarketrochester.com","Tue 4pm-7pm","June 2-October 6","M","Y","Y","Y","Y","N","43.134058","-77.636523","POINT (-77.636523 43.134058)"
"Montgomery","13 Petals Roadside Farm Stand","23 Mergner Rd Fort Johnson","23 Mergner Road","Fort Johnson","NY","12070","Jason Ludwin","5188577781",,"Mon-Fri 4pm-7pm , Sat/Sun 11am-3pm","May 1-December 1","P/M/X","Y","N","N","Y","N","42.95757","-74.24445","POINT (-74.24445 42.95757)"
"Montgomery","Amsterdam Farmers' Market","1142 Midline Rd","4988 State Highway 30","Amsterdam","NY","12010","Melissa Levoy","5185770033",,"Sun 10am-3pm","June 7-November 29","M","Y","N","N","Y","N","42.95831","-74.18575","POINT (-74.18575 42.95831)"
"Montgomery","Bellinger's Orchard Farm Stand","685 Argersinger Rd Fultonville","685 Argersinger Rd","Fultonille","NY","12072","Linda Coyne","5189228555","http://www.bellingersorchard.com","Daily 9am-5pm","June 28-November 25","M","Y","N","N","Y","N","42.90293","-74.39306","POINT (-74.39306 42.90293)"
"Montgomery","Canajoharie Farmers' Market","24 Church St","24 Church Street","Canajoharie","NY","13317","Jennifer Marshall","5186732218",,"Sun 11am-2pm","May 17-October 25","P/M","Y","N","N","Y","N","42.90515","-74.57222","POINT (-74.57222 42.90515)"
"Montgomery","Damin Farm Stand","8075 State Highway 5 St. Johnsville","8075 State Highway 5","St. Johnsville","NY","13452","Barb Damin","5185682643",,"Daily 9am-6pm","Year-round","YR","Y","N","N","Y","N","43.00497","-74.72233","POINT (-74.72233 43.00497)"
"Montgomery","Grow Amsterdam Farmers' Market","Walter Elmwood Museum Lot, 100 Church St","100 Church Street","Amsterdam","NY","12010","Bernadette Twente","5186201802",,"Sat 9am-1pm","June 6-October 31","M","Y","N","N","Y","N","42.93966","-74.18501","POINT (-74.18501 42.93966)"
"Montgomery","Haven of Hope Farm Stand","19 Cemetery St Fonda","19 Cemetery Street","Fonda","NY","12068","Pat Brooking","5185223342","http://www.havenofhopefarm.org","Thu-Sat 9am-4pm","Year-round","YR","Y","N","N","Y","N","42.95627","-74.36841","POINT (-74.36841 42.95627)"
"Montgomery","Karen's Produce Farm Stand","2311 State Hwy 5S Amsterdam","2311 State Hwy 5S","Amsterdam","NY","12010","Deanna Nelson","5188297397",,"Daily 9am-8pm","June 18-October 18","M","Y","N","N","Y","N","42.93155","-74.28781","POINT (-74.28781 42.93155)"
"Montgomery","Precious Memories Farm Stand","1142 Midline Rd Amsterdam","1142 Midline Rd","Amsterdam","NY","12010","Melissa Levoy","5185770033",,"Daily 10am-4pm","June 1-December 20","M/X","Y","N","N","Y","N","42.98258","-74.16679","POINT (-74.16679 42.98258)"
"Montgomery","Tylutki Family Farms Farm Stand","197 Caswell Rd Palatine Bridge","197 Caswell Rd","Palatine Bridge","NY","13428","Raymond Tylutki","5188487459",,"Daily 7am-8pm","Year-round","YR","Y","N","N","Y","N","42.91442","-74.53936","POINT (-74.53936 42.91442)"
"Nassau","CCE Nassau Eisenhower Pk Farmers' Market","Parking Field 8 Eisenhower Pk, East Meadow","Stewart @ Merrick Ave.","East Meadow","NY","11554","Sunday Coward","5168322591","http://ccenassau.org","Sat 9am-1pm","June 20-October 24","M","Y","N","N","Y","N","40.73687","-73.58301","POINT (-73.58301 40.73687)"
"Nassau","Community Connections Farm Stand-Maple Ave","301-311 Maple Ave Westbury","301-311 Maple Avenue","Westbury","NY","11590","Traci Caines","5169840230",,"Sat 11am-3pm","July 11-October 31","M","Y","N","N","Y","N","40.7559","-73.58741","POINT (-73.58741 40.7559)"
"Nassau","Country Fresh Farmingdale Farmers' Market","Village Green 361 Main St","361 Main St","Farmingdale","NY","11735","Mary Schneider","6316735844",,"Sun 10am-2pm","June 7-November 22","M","Y","N","N","Y","N","40.73166","-73.44566","POINT (-73.44566 40.73166)"
"Nassau","Crossroads Farm Farm Stand","480 Hempstead Ave Malverne","480 Hempstead Ave","Malverne","NY","11565","Sara Santora","5163410075","http://www.xroadsfarmliny.com","Tue/Fri 1-6pm, Sat/Sun 9am-2pm","April 5-December 31","P/M/X","Y","N","N","Y","N","40.68066","-73.66376","POINT (-73.66376 40.68066)"
"Nassau","Deep Roots Farmers' Market","100 Garvies Point Rd Glen Cove","100 Garvies Point Rd","Glen Cove","NY","11542","Cliff Krauter","5166716666",,"Sat 9am-1pm","May 30-November 7","M","Y","N","N","Y","N","40.85889","-73.64328","POINT (-73.64328 40.85889)"
"Nassau","East Meadow Farm Stand","832 Merrick Ave","832 Merrick Avenue","East Meadow","NY","11554","Nicole Borukhov","5168322591","http://cce.nassau.org","Wed 11am-2pm","June 24-October 28","M","Y","N","N","Y","N","40.70092","-73.56747","POINT (-73.56747 40.70092)"
"Nassau","Kennedy Plaza Long Beach Farmers' Market - Sat","1 W Chester St","1 West Chester St","Long Beach","NY","11561","Miranda Steiger","9174827950","http://www.ligreenmarket.org","Sat 9am-2pm","May 2-November 21","P/M","Y","N","N","Y","N","40.58943","-73.66592","POINT (-73.66592 40.58943)"
"Nassau","Kennedy Plaza Long Beach Farmers' Market - Wed","1 W Chester St","1 West Chester St","Long Beach","NY","11561","Miranda Steiger","9174827950","http://www.ligreenmarket.org","Wed 9am-2pm","May 6-November 25","P/M","Y","N","N","Y","N","40.58943","-73.66592","POINT (-73.66592 40.58943)"
"Nassau","Port Washington Organic Farmers' Market","Port Washington Town Dock , 347 Main St","347 Main St.","Port Washington","NY","11050","Patti Wood","5168830887","https://www.pwfarmersmarket.org/","Sat 8am-12pm","June 13-October 31","M","Y","N","N","Y","N","40.83153","-73.7019","POINT (-73.7019 40.83153)"
"Nassau","Rockville Centre Farmers' Market","Sunrise Hwy & North Longbeach Rd, 510 Sunrise Hwy","Sunrise Hwy and Long Beach Rd","Rockville Centre","NY","11570","Ethel Terry","6314668939","http://www.longislandgrowersmarket.com","Sun 7am-12pm","May 31-December 20","M/X","Y","N","N","Y","N","40.65712","-73.6321","POINT (-73.6321 40.65712)"
"Nassau","Roslyn Farmers' Market","Christopher Morley Park , 500 Searingtown Rd","500 Searingtown Rd","Roslyn","NY","11576","Ethel Terry","6314668939","http://www.longislandgrowersmarket.com","Wed 7am-1pm","June 3-December 23","M/X","Y","N","N","Y","N","40.78188","-73.66277","POINT (-73.66277 40.78188)"
"Nassau","Rottkamp Bros Farm Stand","McCouns Lane Old Brookville","McCouns Lane","Old Brookville","NY","11545","Richard Rottkamp","5168403950",,"Mon-Sat 10am-6pm, Sun 9am-4pm","June 21-November 27","M","Y","N","N","Y","N","40.83108","-73.61864","POINT (-73.61864 40.83108)"
"Nassau","Seaford Farmers' Market","Seaford LIRR Railroad Station lot 3, Sunrise Highway & Washington Ave","Sunrise Highway and Washington St.","Seaford","NY","11783","Ethel Terry","6314668939","http://www.longislandgrowersmarket.com","Sat 7am-12pm","June 6-December 19","M/X","Y","N","N","Y","N","40.67572","-73.48657","POINT (-73.48657 40.67572)"
"Nassau","The Garden at St. Francis Farm Stand","1692 Bellmore Ave N Bellmore","1692 Bellmore Ave","North Bellmore","NY","11710","Ann McPartlin","5166791184",,"Sun 11am-2pm","June 28-October 18","M","Y","N","N","Y","N","40.68156","-73.53528","POINT (-73.53528 40.68156)"
"Nassau","The Napolitano Family Farm Stand","3434 Hempstead Tkpe Levittown","3434 Hempstead Turnpike","Levittown","NY","11756","Daniel Napolitano","6462834682","http://www.napolitanofamilyfarm.com","Sat 9am-2pm","June 13-October 31","M","Y","N","N","Y","N","40.72556","-73.50916","POINT (-73.50916 40.72556)"
"New York","79th Street Greenmarket","79th St & Columbus Ave","366 Columbus Ave","New York","NY","10024","Daniel Olavarria","2127887900","http://www.grownyc.org/greenmarket/manhattan/79th-street","Sun 9am-4pm","Year-round","YR","N","Y","N","Y","N","40.7809","-73.97648","POINT (-73.97648 40.7809)"
"New York","82nd Street Greenmarket","82nd St btwn 1st & York Aves","408 East 82nd Street","New York","NY","10128","Daniel Olavarria","2127887900","http://www.grownyc.org/greenmarket/manhattan/82nd-street","Sat 9am-2:30pm","Year-round","YR","N","Y","N","Y","N","40.77394","-73.9506","POINT (-73.9506 40.77394)"
"New York","97th Street Greenmarket","97th St btwn Amsterdam & Columbus Aves","West 97th St and Columbus Ave","New York","NY","10025","Daniel Olavarria","2127887900","http://www.grownyc.org/greenmarket/manhattan/west-97","Fri 8am-2pm","Year-round","YR","N","Y","N","Y","N","40.79356","-73.96701","POINT (-73.96701 40.79356)"
"New York","Abingdon Square Greenmarket","Hudson St & W 12th St","601 Hudson St","New York","NY","10014","Daniel Olavarria","2127887900","http://www.grownyc.org/greenmarket/manhattan/abingdon-square","Sat 8am-2pm","Year-round","YR","N","Y","N","Y","N","40.73719","-74.00592","POINT (-74.00592 40.73719)"
"New York","Bowling Green Tue Greenmarket","Broadway at Battery Place","1 Bowling Green","New York","NY","10004","Daniel Olavarria","2127887900","http://www.grownyc.org/greenmarket/manhattan/bowling-green-tu","Tue 8am-3pm","May 5-November 24","P/M","Y","Y","N","Y","N","40.70454","-74.01418","POINT (-74.01418 40.70454)"
"New York","Bro/Sis Green Youth Market","140 Hamilton Place","140 Hamilton Place","Manhattan","NY","10031","Wendy Flores","2122837044","http://brotherhood-sistersol.org/programs/environmental-program","Wed/Sat 11am-6pm","May 15-November 25","P/M","Y","N","N","Y","N","40.82428","-73.94881","POINT (-73.94881 40.82428)"
"New York","Chelsea Farmers' Market","383 W 23rd St","351 W 23rd Street","New York","NY","10011","Michael Steigman","9149234837","http://www.downtoearthmarkets.com","Sat 9am-2pm","April 18-December 19","P/M/X","Y","N","N","Y","N","40.74633","-74.00081","POINT (-74.00081 40.74633)"
"New York","City Hall Park Tue Greenmarket","270 Broadway btwn Chambers & Warren Sts","Broadway and Chambers St","New York","NY","10007","Daniel Olavarria","2127887900","http://www.grownyc.org/greenmarket","Tue 8am-4pm","June 6-November 25","P/M","Y","Y","N","Y","N","40.71416","-74.00628","POINT (-74.00628 40.71416)"
"New York","Columbia Sun Greenmarket","Broadway & 114th St","2910 Broadway","New York","NY","10027","Daniel Olavarria","2127887900","http://www.grownyc.org/greenmarket","Sun 8am-4pm","Year-round","YR","Y","Y","N","Y","N","40.80649","-73.96469","POINT (-73.96469 40.80649)"
"New York","Columbia Thu Greenmarket","Broadway & 114th St","2910 Broadway","New York","NY","10027","Daniel Olavarria","2127887900","http://www.grownyc.org/greenmarket/manhattan/columbia-th","Thu 8am-4pm","Year-round","YR","Y","Y","N","Y","N","40.80649","-73.96469","POINT (-73.96469 40.80649)"
"New York","Dag Hammarskjold Plaza Greenmarket","E 47th St & 2nd Ave","245 East 47th Street","New York","NY","10017","Daniel Olavarria","2127887900","http://www.grownyc.org/greenmarket/manhattan/dag-hammarskjold","Wed 8am-3pm","Year-round","YR","Y","Y","N","Y","N","40.75333","-73.97027","POINT (-73.97027 40.75333)"
"New York","Fort Washington Greenmarket","168th St & Fort Washington Ave","701 West 168th Street","New York","NY","10032","Daniel Olavarria","2127887900","http://www.grownyc.org/greenmarket","Tue 8am-4pm","June 2-December 22","M/X","Y","Y","N","Y","Y","40.84246","-73.94245","POINT (-73.94245 40.84246)"
"New York","Fulton Stall Market","91 South St","91 South St","New York","NY","10038","Bob Lewis","2123491380","http://fultonstallmarket.org","Mon-Sat 11:30am-5pm","Year-round","YR","N","N","N","Y","N","40.70619","-74.00346","POINT (-74.00346 40.70619)"
"New York","Grass Roots Farmers' Market","Jackie Robinson Park W 145th St, btwn Edgecomb & Bradhurst Aves","W 145th St between Edgecombe Ave and Bradhurst Ave","New York","NY","10031","Sonya Simmons","2129961514",,"Sat/Tue 9am-4pm","July 7-November 28","M","Y","N","N","Y","N","40.82365","-73.94385","POINT (-73.94385 40.82365)"
"New York","Harvest Home East Harlem Farmers' Market","E 104th St & 3rd Ave","201 East 104th St","New York","NY","10029","Perla Vazquez","2128283361","http://www.harvesthomefm.org","Thu 8am-3pm","May 14-November 19","P/M","Y","Y","N","Y","N","40.79024","-73.94564","POINT (-73.94564 40.79024)"
"New York","Harvest Home Harlem Hospital Farmers' Market","530 Malcolm X Blvd","w. 137th Street and Lennox Avenue","New York","NY","10037","Perla Vazquez","2128283361","http://www.harvesthomefm.org","Fri 8am-3pm","May 15-November 20","P/M","Y","Y","N","Y","N","40.81539","-73.93985","POINT (-73.93985 40.81539)"
"New York","Harvest Home Lenox Ave Farmers' Market","Lenox Ave btwn W 117th & Malcolm X Blvd","151 Malcolm X Blvd.","New York","NY","10027","Perla Vazquez","2128283361","http://www.harvesthomefm.org","Sat 8am-3pm","May 16-November 21","M","Y","Y","N","Y","N","40.80295","-73.9489","POINT (-73.9489 40.80295)"
"New York","Harvest Home Metropolitan Farmers' Market","E 97th St & 2nd Ave","266 E 97th Street","New York","NY","10029","Perla Vazquez","2128283361","http://www.harvesthomefm.org","Fri 8am-3pm","May 15-November 20","P/M","Y","Y","N","Y","Y","40.78553","-73.94615","POINT (-73.94615 40.78553)"
"New York","Inwood Greenmarket","Isham St btwn Seaman Ave & Cooper St","620 Isham Street","New York","NY","10034","Daniel Olavarria","2127887900","http://www.grownyc.org/greenmarket/manhattan/inwood","Sat 8am-3pm","Year-round","YR","Y","Y","N","Y","N","40.86925","-73.92066","POINT (-73.92066 40.86925)"
"New York","Morningside Park Farmers' Market","237 Manhattan Ave","237 Manhattan Ave. (West 110th ST. and Manhattan Ave.)","New York","NY","10025","Michael Steigman","9149234837","http://www.downtoearthmarkets.com","Sat 9am-2pm","April 4-December 19","P/M/X","Y","N","N","Y","N","40.80173","-73.95915","POINT (-73.95915 40.80173)"
"New York","Mount Sinai Hospital Greenmarket","Madison Ave & 99th St","1425 Madison Avenue","New York","NY","10029","Daniel Olavarria","2127887900","http://www.grownyc.org/greenmarket","Wed 8am-3pm","June 17-November 25","M","Y","Y","N","Y","N","40.78874","-73.95276","POINT (-73.95276 40.78874)"
"New York","Rockefeller Center Wed Greenmarket","Rockefeller Center Plaza at 50th St","Rockefeller Plaza and West 50th St","New York","NY","10112","Daniel Olavarria","2127887900","http://www.grownyc.org/greenmarket","Wed 8am-5pm","August 12-October 28","M","Y","Y","N","Y","N","40.75907","-73.97846","POINT (-73.97846 40.75907)"
"New York","Stuyvesant Town Greenmarket","South end of Stuy Town Oval near 14th St Loop btwn 1st Ave & Ave A","East 14th Street Loop","New York","NY","10009","Daniel Olavarria","2127887900","http://www.grownyc.org/greenmarket","Sun 9:30am-4pm","May 10-December 13","P/M/X","Y","Y","N","Y","N","40.72998","-73.97935","POINT (-73.97935 40.72998)"
"New York","Tompkins Square Greenmarket","Ave A & 7th St","111 Avenue A","New York","NY","10009","Daniel Olavarria","2127887900","http://www.grownyc.org/greenmarket/manhattan/tompkins-square","Sun 9am-4pm","Year-round","YR","Y","Y","N","Y","N","40.72621","-73.9836","POINT (-73.9836 40.72621)"
"New York","Tribeca Greenmarket Saturday","Greenwich St & Chambers St","315 Greenwich St","New York","NY","10023","Daniel Olavarria","2127887900","http://www.grownyc.org/greenmarket/manhattan/tribeca-sa","Sat 8am-2pm","Year-round","YR","Y","Y","N","Y","N","40.71697","-74.01062","POINT (-74.01062 40.71697)"
"New York","Tucker Square Saturday Greenmarket","W 66th St & Broadway","125 Columbus Ave","New York","NY","10023","Daniel Olavarria","2127887900","http://www.grownyc.org/greenmarket/manhattan/tuckerthursday","Sat 8am-4pm","Year-round","YR","Y","Y","N","Y","N","40.7731","-73.98171","POINT (-73.98171 40.7731)"
"New York","Tucker Square Thursday Greenmarket","66th St & Broadway","125 Columbus Avenue","New York","NY","10023","Daniel Olavarria","2127887900","http://www.grownyc.org/greenmarket","Thu 8am-4pm","Year-round","YR","N","Y","N","Y","N","40.7731","-73.98171","POINT (-73.98171 40.7731)"
"New York","Two Bridges Youth Market Farm Stand","50 Madison St","50 Madison St.","New York","NY","10038","Bob Lewis","2123491380","http://fultonstallmarket.org","Sun 10:30am-3pm","May 31-November 22","M","Y","Y","N","Y","N","40.71166","-73.99784","POINT (-73.99784 40.71166)"
"New York","Union Square Friday Greenmarket","Union Square W & 17th St","31 Union Square West","New York","NY","10003","Daniel Olavarria","2127887900","https://www.grownyc.org/greenmarket","Fri 8am-6pm","Year-round","YR","Y","Y","N","Y","N","40.73669","-73.99079","POINT (-73.99079 40.73669)"
"New York","Union Square Monday Greenmarket","Union Square W & 17th St","31 Union Square West","New York","NY","10003","Daniel Olavarria","2127887900","https://www.grownyc.org/greenmarket/manhattan-union-square-w","Mon 8am-6pm","Year-round","YR","Y","Y","N","Y","N","40.73669","-73.99079","POINT (-73.99079 40.73669)"
"New York","Union Square Saturday Greenmarket","Union Square W & 17th St","31 Union Square West","New York","NY","10003","Daniel Olavarria","2127887900","https://www.grownyc.org/greenmarket","Sat 8am-6pm","Year-round","YR","Y","Y","N","Y","N","40.73669","-73.99079","POINT (-73.99079 40.73669)"
"New York","Union Square Wednesday Greenmarket","Union Square W & 17th St","31 Union Square West","New York","NY","10003","Daniel Olavarria","2127887900","https://www.grownyc.org/greenmarket","Wed 8am-6pm","Year-round","YR","Y","Y","N","Y","N","40.73669","-73.99079","POINT (-73.99079 40.73669)"
"New York","Unity Markets NY Farmers' Market","100 Central Park North","100 Central Park North","New York","NY","10603","Richard Cox","3479486479",,"Sat 10am-5pm","June 20-October 31","M","Y","Y","N","Y","N","40.79825","-73.95262","POINT (-73.95262 40.79825)"
"New York","Uptown Good Food Farmers' Market","St. Nicholas Ave & West 137th St","St. Nicholas Ave & West 137th St","New York","NY","10032","Judith Desire","3473917189",,"Sat 9am-3pm","June 6-November 21","M","Y","Y","N","Y","N","40.81856","-73.94745","POINT (-73.94745 40.81856)"
"Niagara","Fleckenstein Farms Farm Stand","2813 Youngstown-Lockport Rd Ransomville","2813 Youngstown Lockport Road","Ransomville","NY","14131","Robin Heath","7164953527","https://www.fleckensteinfarms.com/","Mon-Fri 11am-5pm, Sat/Sun 9am-6pm","April 25-October 31","P/M","Y","N","N","Y","N","43.23252","-78.89288","POINT (-78.89288 43.23252)"
"Niagara","Harris Farm Market Farm Stand","8475 Ridge Rd Gasport","8475 Ridge Rd","Gasport","NY","14067","Victoria Harris","7167725229",,"Daily 9am-7pm","May 1-October 31","M","Y","N","N","Y","N","43.23987","-78.56318","POINT (-78.56318 43.23987)"
"Niagara","Human Farms & Greenhouse Farm Stand","2853 Hess Rd Appleton","2853 Hess Rd","Appleton","NY","14008","Ronald Human","7165312820",,"Mon-Sat 10am-6pm , Sun 12pm-6pm","May 6-November 30","P/M","Y","Y","N","Y","N","43.27537","-78.64954","POINT (-78.64954 43.27537)"
"Niagara","Huntington Farm Stand I","9715 Ridge Rd Middleport","9715 Ridge Rd.","Middleport","NY","14105","Dan Huntington","7163930590",,"Sun 10am-6pm","June 14-October 11","M","Y","N","N","Y","N","43.24672","-78.48848","POINT (-78.48848 43.24672)"
"Niagara","Lockport Community Farmers' Market","69 Canal St","69 Canal Street","Lockport","NY","14094","Grace Platt","7164340212","http://www.discoverlockport.com/lockport-community-farmers-market","Sat 9am-2pm","May 16-October 24","M","Y","Y","Y","Y","Y","43.17085","-78.6939","POINT (-78.6939 43.17085)"
"Niagara","Lockport Community WINTER Farmers' Market","33 Ontario St Lockport","210 Walnut Street","Lockport","NY","14094","Grace Platt","7164340212","https://www.discoverlockport.com/lockport-community-farmers-market","1st & 3rd Sat 10am-2pm","November-May 2026","M/X/W/P","N","Y","Y","Y","N","43.16958","-78.68743","POINT (-78.68743 43.16958)"
"Niagara","Newfane Methodist Farmers' Market","2699 Main St Church Parking Lot","2699 Main St.","Newfane","NY","14108","Amy Luckman","7167787011",,"Wed 4:30pm-7pm","June 24-September 9","M","Y","N","N","Y","Y","43.28365","-78.70879","POINT (-78.70879 43.28365)"
"Niagara","Niagara Falls City Friday Farmers' Market","779 East Market St","779 East Market Street","Niagara Falls","NY","14301","Joanna Congi","7168042922","https://www.niagarafallsusa.com/directory/niagara-falls-city-market/","Fri 8am-4pm","June 5-November 20","M","Y","Y","N","Y","N","43.09679","-79.03952","POINT (-79.03952 43.09679)"
"Niagara","Niagara Falls City Monday Market","779 East Market St","779 East Market Street","Niagara Falls","NY","14301","Joanna Congi","7168042922",,"Mon 8am-4pm","June 1-November 16","M","Y","Y","N","Y","N","43.09679","-79.03952","POINT (-79.03952 43.09679)"
"Niagara","Niagara Falls City Wednesday Market","779 East Market St","779 East Market Street","Niagara Falls","NY","14301","Joanna Congi","7168042922",,"Wed 8am-4pm","June 3-November 18","M","Y","Y","N","Y","N","43.09679","-79.03952","POINT (-79.03952 43.09679)"
"Niagara","North Tonawanda City Sat Farmers' Market","Robinson Rd and Payne Ave","310 Robinson Road","North Tonawanda","NY","14120","Chris Del Prince","7166958000",,"Sat 7am-1pm","Year-round","YR","Y","N","N","Y","N","43.03377","-78.87021","POINT (-78.87021 43.03377)"
"Niagara","North Tonawanda City Thu Farmers' Market","Robinson Rd and Payne Ave","310 Robinson Road","North Tonawanda","NY","14120","Chris Del Prince","7166958000",,"Thu 7am-1pm","Year-round","YR","Y","N","N","Y","N","43.03377","-78.87021","POINT (-78.87021 43.03377)"
"Niagara","North Tonawanda City Tue Farmers' Market","Robinson Rd and Payne Ave","310 Robinson Road","North Tonawanda","NY","14120","Chris Del Prince","7166958000",,"Tue 7am-1pm","Year-round","YR","Y","N","N","Y","N","43.03377","-78.87021","POINT (-78.87021 43.03377)"
"Niagara","Randy Becken Farm Stand","3302 Upper Mountain Rd Sanborn","3302 Upper Mountain Road","Sanborn","NY","14132","Randy Becken","7165458706",,"Wed-Sat 10am-6pm, Sun 10am-5pm","August 5-November 8","M","Y","N","N","Y","N","43.16543","-78.86239","POINT (-78.86239 43.16543)"
"Niagara","Schwab Farm Stand","9035 Rochester Rd Gasport","9035 Rochester Rd","Gasport","NY","14067","Carol Schaal","7167357570","http://www.schwabsfarm.com","Mon-Sat 8am-5pm, Sun 9am-3pm","Year-round","YR","Y","N","N","Y","N","43.20425","-78.52308","POINT (-78.52308 43.20425)"
"Niagara","Wilson Community Farmers' Market","186 Harbor St","186 Harbor Street","Wilson","NY","14172","Eileen Neisen","7165441911","http://www.wilsonfarmersmarket.org","Tue 5pm-8pm","May 19-September 29","P/M","Y","Y","N","Y","N","43.31275","-78.83217","POINT (-78.83217 43.31275)"
"Oneida","Boonville Area Farmers' Market","Upper Erwin Park Moose River Rd","13149 State Route 12","Boonville","NY","13309","Kathy Isles","3159423465","http://bnycc.org","Thursday 12pm-5pm","June 18-October 1","M","Y","Y","N","Y","N","43.47538","-75.31608","POINT (-75.31608 43.47538)"
"Oneida","Clinton Farmers' Market","Village Green 21 West Park Row","21 West Park Row","Clinton","NY","13323","Isabelle Alexander-Klaboe","3158531735","http://www.clintonnychamber.org","Thu 10am-4pm","June 4-October 1","M","Y","Y","N","Y","Y","43.04932","-75.37881","POINT (-75.37881 43.04932)"
"Oneida","Horn's Family Farm Stand","9629 Main St Remsen","9629 Main St","Remsen","NY","13438","Eric Horn","3158313541","http://hornsfamilyfarm.com","Mon-Fri 12pm-6pm, Sat 9am-3pm","Year-round","YR","Y","N","N","Y","N","43.32745","-75.18713","POINT (-75.18713 43.32745)"
"Oneida","Oneida County Public Market","REA Wing Union Station, 321 Main St Utica","321 Main Street","Utica","NY","13501","Elizabeth Irons","3157363394","http://www.oneidacountymarket.com","Sat 9am-1pm","Year-round","YR","Y","Y","N","Y","Y","43.10393","-75.2239","POINT (-75.2239 43.10393)"
"Oneida","Oneida County WINTER Public Market","Inside Main Lobby Union Station, 321 Main St Downtown Utica","321 Main Street","Utica","NY","13501","Elizabeth Irons","3157363394","http://www.oneidacountymarket.com","Alt Sat 9am-1pm","January 10-April 18, 2026","W/P","N","N","N","Y","N","43.10393","-75.2239","POINT (-75.2239 43.10393)"
"Oneida","Swistak Farm Stand","6664 Greenway New London Rd Verona","6664 Greenway New London Road","Verona","NY","13478","Sharee Fink","3153361251",,"Mon-Sun 9am-6pm","June 1-November 1","M","Y","N","N","Y","N","43.18549","-75.5368","POINT (-75.5368 43.18549)"
"Oneida","Utica Farmers' Market","313 Elizabeth St Chancellor Park","1 Kennedy Plaza","Utica","NY","13501","Edita Rosic","3157920114",,"Wed 8am-5pm","June 24-October 28","M","Y","Y","Y","Y","N","43.10123","-75.23606","POINT (-75.23606 43.10123)"
"Oneida","Vienna Farmers' Market","2040 Rt 49 North Bay","2040 Rt 49","Blossvale","NY","13082","Brian Kirsch","3156972950",,"Thu 2pm-6pm","June 4-October 22","M","Y","Y","Y","Y","N","43.2355","-75.70367","POINT (-75.70367 43.2355)"
"Onondaga","Aasha Laya Farm of Hope Farm Stand","7691 Bridgeport Kirvkville Rd , Kirkville","7691 Bridgport Kirville Road","Kirkville","NY","13082","Jay Regmi","3157157685",,"Sat 7am-1pm","June 6-September 26","M","Y","N","N","Y","N","43.10861","-76.1836","POINT (-76.1836 43.10861)"
"Onondaga","Bayberry Plaza Farmers' Market","Kinney lot 7601 Oswego Rd Liverpool","7601 Oswego Rd","Liverpool","NY","13090","Randall Daratt","3157308751","http://www.bayberryplaza.com","Wed 8am-2pm","May 7-October 29","P/M","Y","N","N","Y","N","43.13779","-76.22602","POINT (-76.22602 43.13779)"
"Onondaga","Brady Farm Ford Ave Farm Stand","150 Ford Ave Syracuse","150 Ford Ave","Syracuse","NY","13207","Jessi Lyons","3154204521","http://www.bradyfarm.org","Wed-Fri 9am-4pm, Sat 9am-1pm","June 10-November 1","M","Y","N","N","Y","N","43.01343","-76.15644","POINT (-76.15644 43.01343)"
"Onondaga","Brady Farm Salina St Farm Stand","4141 S Salina St Syracuse","4141 South Salina Street","Syracuse","NY","13205","Jessi Lyons","3154204521","http://www.bradyfarm.org","Sat 8am-1pm","June 20-October 17","M","Y","N","N","Y","N","43.00915","-76.14226","POINT (-76.14226 43.00915)"
"Onondaga","Brownson Family Farm Farm Stand","8149 Bridgeport Kirkville Rd Kirkville","8149 Bridgeport Kirkville Rd","Kirkville","NY","13082","Ben Brownson","3153787851","http://www.brownsonfamilyfarm.com","Mon-Sat 10am-7pm, Sun 10am-5pm","Year-round","YR","N","N","N","Y","N","43.11657","-75.95328","POINT (-75.95328 43.11657)"
"Onondaga","Central NY Saturday Regional Market","2100 Park St Syracuse","2100 Park Street","Syracuse","NY","13208","Taylor Beresovoy","3154228647","https://www.cnyregionalmarket.com/","Sat 7am-2pm","Year-round","YR","Y","Y","Y","Y","N","43.07269","-76.16835","POINT (-76.16835 43.07269)"
"Onondaga","Central NY Sunday Regional Market","2100 Park St Syracuse","2100 Park Street","Syracuse","NY","13208","Taylor Beresovoy","3154228647","https://www.cnyregionalmarket.com/","Sun 7am-2pm","Year-round","YR","Y","Y","Y","Y","N","43.07269","-76.16835","POINT (-76.16835 43.07269)"
"Onondaga","Delaney Farms Farm Stand","4545 Kasson Rd Syracuse","4545 Kasson Rd.","Syracuse","NY","13215","Marc Delaney","3154691668",,"Daily 9am-6pm","August 1-October 31","M","Y","N","N","Y","N","42.9876","-76.2609","POINT (-76.2609 42.9876)"
"Onondaga","DeWitt Farmers' Market","Carrier Park 1033 Kinne St","Carrier Park 1033 Kinne Street","East Syracuse","NY","13057","Brian Kirsch","3156972950","http://townofdewitt.com/departments/recreation/","Wed 3pm-7pm","May 6-October 7","P/M","Y","Y","Y","Y","N","43.08018","-76.07771","POINT (-76.07771 43.08018)"
"Onondaga","Downtown Syracuse Farmers' Market","Clinton Square","Clinton St and Water St","Syracuse","NY","13202","Charles McFadden","3154228284","http://www.downtownsyracuse.com","Tue 8am-2pm","June 9-October 13","M","Y","Y","N","Y","N","43.05054","-76.15354","POINT (-76.15354 43.05054)"
"Onondaga","Emmi's Farm Market-Baldwinsville","1482 W Genesee Rd","1482 West Genesee Rd.","Baldwinsville","NY","13027","Emmi Carmen","3156357529","http://www.emmifarms.com","Tue-Thu/Sun 10am-5pm, Fri-Sat 9am-7pm","May 16-October 18","P/M","Y","N","N","Y","N","43.16899","-76.40302","POINT (-76.40302 43.16899)"
"Onondaga","Fayetteville Farmers' Market","504 Burdick St","504 Burdick Street","Fayetteville","NY","13066","Lacey Cashman","3013351434","http://www.fayettevillefarmersmarketcny.com","Thu 12pm-6pm","May 7-October 29","P/M","Y","N","N","Y","N","43.02764","-76.01608","POINT (-76.01608 43.02764)"
"Onondaga","Reeves Farms Farm Stand","1220 W Genesee Rd Baldwinsville","1220 West Genesee Road","Baldwinsville","NY","13027","Karin Reeves","3156353357",,"Mon-Sat 9am-6pm, Sun 9am-5pm","June 12-September 6","M","Y","N","N","Y","N","43.16508","-76.41743","POINT (-76.41743 43.16508)"
"Onondaga","Skaneateles Farmer's Market-Saturday","Austin Park Pavilion 1 E Austin St","1 East Austin Street","Skaneateles","NY","13152","Sue Murphy","3157279320","https://www.townofskaneateles.com","Sat 9:30am-12:30pm","May 23-October 10","P/M","Y","N","N","Y","N","42.95091","-76.43045","POINT (-76.43045 42.95091)"
"Onondaga","Skaneateles Farmers' Market-Thursday","Austin Park Pavilion 1 E Austin St","One E. Austin St","Skaneateles","NY","13152","Sue Murphy","3157279320","http://www.townofskaneateles.com","Thu 3pm-6pm","May 21-October 8","P/M","Y","N","N","Y","N","42.95089","-76.4309","POINT (-76.4309 42.95089)"
"Onondaga","Syracuse Eastside Farmers' Market","Westcott Community Ctr , 826 Euclid Ave","826 Euclid Ave","Syracuse","NY","13210","Jessica Ginney","3154002075","https://westcottcc.org/syracuse-eastside-farmers-market","Wed 2pm-6pm","June 3-October 28","M","Y","N","N","Y","N","43.03662","-76.1192","POINT (-76.1192 43.03662)"
"Onondaga","Urban Delights Farm Stand","112 Bellevue Ave Syracuse","112 Bellevue Avenue","Syracuse","NY","13204","Desaree Dixie","3154280070",,"Wed 1pm-5pm","July 16-November 1","M","Y","N","N","Y","N","43.03372","-76.15626","POINT (-76.15626 43.03372)"
"Ontario","Canandaigua Farmers' Market","Covered Pavilion 167 Mill St","167 Mill Street","Canandaigua","NY","14424","Amber Reifsteck","5852130729","http://www.canandaiguafarmersmarket.comou","Sat 9am-12pm","June 6-October 31","M","Y","N","N","Y","N","42.8857","-77.27849","POINT (-77.27849 42.8857)"
"Ontario","Flx Micro-Farm Farm Stand","1879 County Rd 4 Stanley","1879 County Road 4","Stanley","NY","14561","Kelsey O'Dell","3152446473",,"Daily 9am-5pm","May 16-November 1","P/M","Y","N","N","Y","N","42.88582","-77.08166","POINT (-77.08166 42.88582)"
"Ontario","Genecco's Farm Market Farm Stand","1830 Rochester Rd Rt 332 Canandaigua","1030 Rochester Rd Rt 332","Canandaigua","NY","14424","Frank Genecco","5853941025",,"Wed/Fri/Sat 9am-4pm, Sun 10am-3pm","May 2-November 30","P/M","Y","N","N","Y","N","42.94046","-77.32984","POINT (-77.32984 42.94046)"
"Ontario","Geneva Farmers' Market","Geneva Lakefront Park 35 Lakefront Dr","35 Lakefront Dr","Geneva","NY","14456","Rebecca Weaver","3158282711","https://cityofgenevany.com/413/Geneva-Farmers-Market","Sat 8am-1pm","May 23-October 10","P/M","Y","Y","Y","Y","N","42.8664","-76.98021","POINT (-76.98021 42.8664)"
"Ontario","Victor Farmers' Market","Village Hall parking lot 60 East Main St","60 East Main St","Victor","NY","14564","Roseanne Turner Adams","5859243311","http://www.victorny.org","Wed 3pm-6pm","June 3-October 28","M","Y","N","N","Y","N","42.98236","-77.4088","POINT (-77.4088 42.98236)"
"Orange","Downing Park Farm Stand","123 Carpenter Ave Newburgh","Carptenter Ave and 3rd Street","Newburgh","NY","12550","Jeffrey McConnaughey","8455271388",,"Tue 10am-2pm","July 23-October 27","M","Y","N","N","Y","N","41.50452","-74.01806","POINT (-74.01806 41.50452)"
"Orange","Farmer Huerta Farm Stand","89 Beattie Ave Middletown","89 Beattie Avenue","Middletown","NY","10940","Marcela Huerta","8452393051",,"Sat 10am-3pm","June 1-November 30","M","Y","N","N","Y","N","41.45176","-74.40764","POINT (-74.40764 41.45176)"
"Orange","Florida NY Farmers' Market","Route 12 A & 94 across from Dollar Tree","133 N Main Street","Florida","NY","10921","JP Mahoney","8459874482","http://www.floridafarmersmarket.org","Tue 10am-4pm","June 16-October 20","M","Y","N","N","Y","N","41.33775","-74.35873","POINT (-74.35873 41.33775)"
"Orange","Goshen Farmers' Market","Goshen Village Square , 255 Main St","Main St and Church St","Goshen","NY","10924","Lisa Clancy","8452947741","http://www.goshennychamber.com","Fri 9am-3:30pm","May 15-October 30","P/M","Y","N","N","Y","N","41.40219","-74.32408","POINT (-74.32408 41.40219)"
"Orange","Healthy Orange Farmers' Market","130 Broadway (lawn next to DMV bldg), btwn Johnston & Landers St Newburgh","131 Broadway","Newburgh","NY","12550","Jeffrey Woody","8453606691","http://www.healthyorange.com","Tue 10am-2pm","June 23-October 27","M","Y","N","N","Y","N","41.50009","-74.01254","POINT (-74.01254 41.50009)"
"Orange","Kirby Farm Hemlock Grove Farm Stand","25 Kinne Ln Middletown","25 Kinne Lane","Middletown","NY","10940","Charles F. Kirby","8453552718",,"Daily 8am-6pm","Year-round","YR","N","N","N","Y","N","41.40479","-74.50332","POINT (-74.50332 41.40479)"
"Orange","Lakeside Greenwood Lake Farmers' Market","Winstanley Park 133 Windermere Ave","Winstanley Park on Windemere Avenue","Greenwood Lake","NY","10925","Karen Wintrow","8454779215",,"Sat 9am-1pm","May 2-October 31","M","Y","N","N","Y","N","41.2235","-74.29337","POINT (-74.29337 41.2235)"
"Orange","Middletown Farmers' Market","Erie Way Park 1-31 Union St","1-31 Union St.","Middletown","NY","10940","Stephania Sande","8453438075","http://www.middletownbid.org","Sat 8am-1pm","June 6-October 17","M","Y","N","N","Y","N","41.44814","-74.41459","POINT (-74.41459 41.44814)"
"Orange","Morgiewicz Produce Farm Stand","459 Pulaski Hwy Goshen","459 Pulaski Hwy","Goshen","NY","10924","Joseph Morgiewicz","8452584544",,"Wed/Fri 11am-6pm, Sun 9am-4pm","June 7-November 25","M","Y","N","N","Y","N","41.32012","-74.43629","POINT (-74.43629 41.32012)"
"Orange","Newburgh Farmers' Market","97 Broadway","95-107 Broadway","Newburgh","NY","12550","Illyana Campos","8452314424","http://www.newburghnyfarmersmarket.org","Sat 10am-3pm","May 2-November 21","P/M","Y","Y","Y","Y","N","41.49992","-74.0112","POINT (-74.0112 41.49992)"
"Orange","Pine Bush Farmers' Market","Municipal Lot 62 Main St","New and Main Streets","Pine Bush","NY","12566","Ron Carter","8459780298","http://www.pinebushfarmersmarket.com","Sat 9am-1pm","May 23-October 25","P/M","Y","N","N","Y","N","41.60918","-74.3005","POINT (-74.3005 41.60918)"
"Orange","Port Jervis Farmers' Market","Orange Square Veterans Memorial Park, 1 N Broome St","1 Hammond Street","Port Jervis","NY","12771","Arina Soler","8459782450",,"Sat 10am-1pm","May 9-September 26","P/M","Y","Y","Y","Y","N","41.37555","-74.69237","POINT (-74.69237 41.37555)"
"Orange","Sleepy Hills Orchard Farm Stand","1328 Route 284 Johnson","1328 Route 284","Johnson","NY","10933","Amy King","8457263797","http://www.sleepyhillsorchard.com","Daily 9am-6pm","July 9-November 25","M","Y","N","N","Y","N","41.35818","-74.50442","POINT (-74.50442 41.35818)"
"Orange","Soons Orchards Farm Stand","23 Soons Circle New Hampton","23 Soons Circle","New Hampton","NY","10958","Sharon Soons","8453745471","http://www.soonsorchards.com","Daily 9am-6pm","Year-round","YR","Y","N","N","Y","N","41.40258","-74.40356","POINT (-74.40356 41.40258)"
"Orange","Village of Monroe Farmers' Market","Millpond Parkway Commuter Lot","68 Millpond Pkwy","Monroe","NY","10950","Neil Dwyer","8457828341","https://www.villageofmonroe.org/farmers-market/","Sun 9am-1pm","June 7-October 25","M","Y","N","N","Y","N","41.32983","-74.189196","POINT (-74.189196 41.32983)"
"Orleans","Canal Village Farmers' Market","127 West Center St Medina","345 Main St.","Medina","NY","14103","Gail Miller","5857983904",,"Sat 9am-2pm","June 6-October 31","M","Y","Y","N","Y","Y","43.22187","-78.38667","POINT (-78.38667 43.22187)"
"Orleans","Canal Village Winter Farmers' Market","345 North Main St Medina","345 North Main St","Medina","NY","14103","Gail Miller","5857983904","http://www.facebook.com/hashtag/canalvillagefarmersmarket","Sat 9am-1pm","November 2-May 31","X/W/P","N","Y","Y","Y","N","43.22187","-78.38667","POINT (-78.38667 43.22187)"
"Orleans","Lori's Market Basket Farm Stand","51 State St Holley","51 State Street","Holley","NY","14470","Lori Passarell","5856387113",,"Daily 9am-6pm","May 1-November 30","P/M","Y","N","N","Y","N","43.22135","-78.02329","POINT (-78.02329 43.22135)"
"Orleans","Navarras Farm Market & Greenhouse","3260 Eagle Harbor Rd Albion","3272 Eagle Harbor Road","Albion","NY","14411","Amanda Mrzyuka","5855894674","http://navarrasfarmmarketandgreenhouses.net","Daily 10am-5pm","Year-round","YR","Y","N","N","Y","N","43.18941","-78.25422","POINT (-78.25422 43.18941)"
"Orleans","Panek's Farm Stand","13420 W County House Rd Albion","13420 W County House Road","Albion","NY","14411","Guinevere Panek","5855896155","http://www.panekspickinpatch.com","Mon-Sat 9am-5pm, Sun 12Pm-5pm","June 1-October 31","M","Y","N","N","Y","N","43.21866","-78.2551","POINT (-78.2551 43.21866)"
"Orleans","Roberts Circle R Farm Market","13490 Roosevelt Hwy Waterport","13490 Roosevelt Highway","Waterport","NY","14571","Laurie Gregori","5856824435",,"Daily 9am-9pm","May 9-October 31","P/M","Y","N","N","Y","N","43.36049","-78.24848","POINT (-78.24848 43.36049)"
"Orleans","Roberts Farm Market","11170 Maple Ridge Rd Medina","11170 Maple Ridge Road","Medina","NY","14103","Patrick Roberts","5857984247","http://www.robertsfarmmarket.com","Mon-Sat 8am-6pm","Year-round","YR","Y","N","N","Y","N","43.20679","-78.40098","POINT (-78.40098 43.20679)"
"Orleans","Rosario Farm Farm Stand","2050 Transit Rd Kent","2050 Transit Road","Kent","NY","14471","Iris Rosario Reyes","5852831504",,"Wed 4:30pm, Sat 9am-1pm","June 1-October 31","M","Y","N","N","Y","N","43.31526","-78.11575","POINT (-78.11575 43.31526)"
"Orleans","Rush's Vegetables","2120 Eagle Harbor Waterport Rd","2120 Eagle Harbor Waterport Rd.","Albion","NY","14411","Kenneth Rush","5855902786",,"Daily 9am-7pm","June 1-November 1","M","Y","N","N","Y","N","43.31221","-78.25125","POINT (-78.25125 43.31221)"
"Oswego","City Line Farms Farm Stand","2548 State Route 3 Fulton","2548 State Route 3","Fulton","NY","13069","Ryan Maxam","3154141181",,"Daily 8am-5pm","June 1-October 15","M","Y","N","N","Y","N","43.33197","-76.39616","POINT (-76.39616 43.33197)"
"Oswego","Fowler Farms Farm Stand","8576 State Route 100 Hannibal","8576 State Route 100","Hannibal","NY","13074","William Fowler","3155646446",,"Daily 9am-6pm","July 20-October 21","M","Y","N","N","Y","N","43.28328","-76.53314","POINT (-76.53314 43.28328)"
"Oswego","Fulton Farmers' Market","Canalview Mall parking lot, State Route 481","Canalview Mall","Fulton","NY","13069","Christine Sicurella","3152436701","http://www.oswegofultonchamber.com","Sat 8am-12pm","June 13-October 10","M","Y","Y","Y","Y","N","43.32346","-76.41672","POINT (-76.41672 43.32346)"
"Oswego","Godfrey's Last Stand Farm Stand","1232 State Route 264 Phoenix","1232 State Route 264","Phoenix","NY","13135","Roberta and Josephine Godfrey","3155937291",,"Daily 10am-4pm","May 10-December 10","P/M/X","Y","N","N","Y","N","43.31155","-76.29001","POINT (-76.29001 43.31155)"
"Oswego","Guppy's Berry Farm Farm Stand","512 County Route 26 West Monroe","512 County Route 26","West Monroe","NY","13617","Karl Guppy","3156257920","http://www.guppysberryfarmllc.com","Tue-Sun 9am-4pm","July 20-September 30","M","Y","N","N","Y","N","43.35052","-76.03094","POINT (-76.03094 43.35052)"
"Oswego","Oswego Farmers' Market","W 1st btwn Bridge & W Oneida Sts","West Bridge St and West 1st St","Oswego","NY","13126","Christine Sicurella","3152436701","http://www.oswegofultonchamber.com","Thu 4pm-8pm","June 11-October 8","M","Y","Y","Y","Y","N","43.45656","-76.51127","POINT (-76.51127 43.45656)"
"Oswego","Pulaski Farmers' Market","South Park 3 Bridge St","3 Bridge Street","Pulaski","NY","13142","Jessie Kling","3155295705","https://pulaskifarmersmarket.org/","Fri 4pm-8pm","June 5-August 28","M","Y","N","N","Y","N","43.56621","-76.12843","POINT (-76.12843 43.56621)"
"Otsego","Cooperstown Saturday Farmers' Market","Pioneer Alley 101 Main St","101 Main St","Cooperstown","NY","13326","Madeleine Zenir","6075476195","http://www.cooperstownfarmersmarket.org","Sat 9am-2pm","Year-round","YR","Y","Y","N","Y","N","42.70001","-74.92526","POINT (-74.92526 42.70001)"
"Otsego","Cooperstown Tuesday Farmers' Market","Pioneer Alley 101 Main St","101 Main Street","Cooperstown","NY","13326","Madeleine Zenir","6075476195","http://www.cooperstownfarmersmarket.org","Tue 12pm-4pm","May 5-December 29","P/M/X","Y","Y","N","Y","N","42.70063","-74.92524","POINT (-74.92524 42.70063)"
"Otsego","Exeter Park Produce & Garlic Farm Stand","147 South Rd West Winfield, close to intersection of Route 51","147 South Road","West Winfield","NY","13491","David or Cynthia Ball","3159823589","http://www.exeterparkproduceandgarlic.com","Daily 9am-6pm","June 1-October 31","M","Y","N","N","Y","N","42.83092","-75.1367","POINT (-75.1367 42.83092)"
"Otsego","Middlefield Orchard Farm Stand","2274 State Hwy 166 Cooperstown","2274 State Hwy 166","Cooperstown","NY","13326","Wilfred Bruneau","6075478212","http://www.middlefieldorchard.com","Mon-Sat 9am-5pm","June 13-November 7","M","Y","N","N","Y","N","42.70279","-74.8348","POINT (-74.8348 42.70279)"
"Otsego","Morris Farmers' Market","117 Main St behind Firehouse","Main St and Church St","Morris","NY","13808","Kristina Shields","6072635203",,"Thu 3pm-6pm","May 28-October 29","P/M","Y","N","N","Y","N","42.54813","-75.24686","POINT (-75.24686 42.54813)"
"Otsego","Oneonta Farmers' Market","Dietz St btwn Main & Wall","Dietz Street","Oneonta","NY","13820","Meg Kennedy","6072938128","http://www.oneontafarmersmarket.org","Sat 9am-12pm","Year-round","YR","Y","N","N","Y","N","42.45644","-75.06295","POINT (-75.06295 42.45644)"
"Otsego","Oneonta Public Market","Huntington Park Dietz St","Wall Street","Oneonta","NY","13820","Amy McKinnon","6072632456",,"Sat 9am-1pm","May 2-October 31","P/M","Y","N","N","Y","N","42.45399","-75.06338","POINT (-75.06338 42.45399)"
"Otsego","Richfield Springs Area Sat Farmers' Market","Spring Park Main St (Rte 20)","Main St and Church St","Richfield Springs","NY","13439","Holly Pullis","3157505847",,"Sat 9am-1pm","June 20-October 31","M","Y","N","N","Y","N","42.85359","-74.98476","POINT (-74.98476 42.85359)"
"Putnam","Glynwood Farm Stand","362 Glynwood Rd Cold Spring","362 Glynwood Road","Cold Spring","NY","10516","Christina Tracy","8458282151",,"Tue/Wed/Fri 2pm-6pm, Sat/Sun 10am-2pm","Year-round","YR","Y","Y","N","Y","N","41.45365","-73.8675","POINT (-73.8675 41.45365)"
"Putnam","Patterson Community Church Farm Stand","1067 Route 311 Patterson","1067 Route 311","Patterson","NY","12563","David Frost","8458783961",,"Sat 9am-1pm","May 16-October 10","P/M","Y","N","N","Y","N","41.51381","-73.61187","POINT (-73.61187 41.51381)"
"Queens","Corona Greenmarket","Roosevelt Ave & 103rd St","103-28 Roosevelt Ave","Corona","NY","11368","Daniel Olavarria","2127887900","http://www.grownyc.org/greenmarket","Fri 8am-3pm","June 12-November 20","M","Y","Y","N","Y","Y","40.74994","-73.86221","POINT (-73.86221 40.74994)"
"Queens","Cunningham Park Farmers' Market","19600 Union Tpke Fresh Meadows","19600 Union Turnpike","Queens","NY","11366","Michael Steigman","9149234837","http://www.downtoearthmarkets.com","Sun 9am-2pm","April 19-December 20","P/M/X","Y","N","N","Y","N","40.73087","-73.77457","POINT (-73.77457 40.73087)"
"Queens","Edgemere Farm Stand","385 Beach 45th St","385 Beach 45th Street","Far Rockaway","NY","11691","Michael Repasch-Nieves","3477547336","http://www.edgemerefarm.org","Fri 3-6pm Sat 10-2pm","May 22-November 14","P/M","Y","Y","N","Y","N","40.59536","-73.77654","POINT (-73.77654 40.59536)"
"Queens","Elmhurst Hospital Greenmarket","41st Ave btwn 80th & 81st Sts","79-11 41st Avenue","Elmhurst","NY","11373","Daniel Olavarria","2127887900","http://www.grownyc.org","Tue 8am-3pm","June 9-November 24","M","Y","Y","N","Y","Y","40.74584","-73.88622","POINT (-73.88622 40.74584)"
"Queens","Far Rock Farm Stand","378 Beach 45th St Arverne","378 Beach 45th Street","Far Rockaway","NY","11691","Jenae Russell","7187733551","http://tcahnyc.org","Sat 10am-2pm","July 11-November 21","M","Y","Y","N","Y","N","40.595287","-73.776572","POINT (-73.776572 40.595287)"
"Queens","Flushing Greenmarket","Sanford Ave & Union St, Bowne Playground","42-45 Kissena Boulevard","Flushing","NY","11355","Daniel Olavarria","2127887900","https://www.grownyc.org/farmstands","Wed 8am-3pm","July 15-November 25","M","Y","Y","N","Y","Y","40.75663","-73.82554","POINT (-73.82554 40.75663)"
"Queens","Forest Hills Greenmarket","Queens Blvd & 70th Ave","106-28 Queens Blvd.","Queens","NY","11375","Daniel Olavarria","2127887900","http://www.grownyc.org/greenmarket/queens/forest-hills","Sun 8am-2pm","Year-round","YR","Y","Y","N","Y","N","40.72193","-73.84676","POINT (-73.84676 40.72193)"
"Queens","Jackson Heights Greenmarket","34th Ave & 79th St","78-99 34th Ave","Jackson Heights","NY","11372","Daniel Olavarria","2127887900","http://www.grownyc.org/greenmarket/queens/jackson-heights","Sun 8am-3pm","Year-round","YR","Y","Y","N","Y","Y","40.7535","-73.88791","POINT (-73.88791 40.7535)"
"Queens","Perez Farm Stand-Jamaica Hospital","134-20 Jamaica Ave","134-20 Jamaica Ave","Queens","NY","11418","Javier or Estella Perez","9569037539",,"Wed 10am-4pm","June 17-November 11","M","Y","N","N","Y","N","40.70222","-73.81767","POINT (-73.81767 40.70222)"
"Queens","Queens County Farm Museum Farm Stand","73-50 Little Neck Pkwy Glen Oaks","73-50 Little Neck Parkway","Queens","NY","11004","Grace Powell","7183473276","http://www.queensfarm.org","Wed-Sun 10am-4pm","May 13-November 24","P/M","Y","N","N","Y","N","40.74818","-73.72124","POINT (-73.72124 40.74818)"
"Queens","Sunnyside Greenmarket","Skillman Ave & 43rd St","41-15 Skillman Ave","Sunnyside","NY","11104","Daniel Olavarria","2127887900","http://www.grownyc.org/greenmarket/queens/sunnyside","Sat 8am-3pm","Year-round","YR","Y","Y","N","Y","N","40.74714","-73.92242","POINT (-73.92242 40.74714)"
"Rensselaer","Capital Roots Good Food Market","598 River St Troy","594 River Street","Troy","NY","12180","Collin Parliman","5182748685","http://www.capitalroots.org/urban-grow-center-market/","Tue-Fri 10am-7pm, Sat 10am-4pm","Year-round","YR","Y","N","N","Y","N","42.74208","-73.68525","POINT (-73.68525 42.74208)"
"Rensselaer","Rensselaer Riverfront Farmers Market","Riverfront Park Rensselear","5th Ave and Broadway","Rensselaer","NY","12144","Nancy Hardt","5184624266","https://www.rensselaermarket.com/","Thu 4pm-7pm","June 4-September 24","M","Y","N","N","Y","N","42.64221","-73.7437","POINT (-73.7437 42.64221)"
"Rensselaer","Troy Waterfront Farmers' Market","River St Troy","282 River St","Troy","NY","12180","Stephen Ridler","5187084216","http://www.troymarket.org","Sat 9am-2pm","May 2-October 31","P/M","Y","Y","Y","Y","N","42.73212","-73.69062","POINT (-73.69062 42.73212)"
"Rensselaer","Troy Waterfront WINTER Farmers' Market","Troy Atrium, 49 4th St Troy","865 2nd Avenue","Troy","NY","12182","Stephen Ridler","5187084216","http://www.troymarket.org","Sat 9am-2pm","November 7-April 24","M/X/W/P","N","Y","Y","Y","N","42.78668","-73.67271","POINT (-73.67271 42.78668)"
"Rensselaer","Veggie Mobile Sprout-Burns Apts","720 Federal St Troy","720 Federal Street","Troy","NY","12180","Collin Parliman","5182748685","http://www.capitalroots.org","Thu 11:30am-12:15pm","Year-round","YR","Y","Y","N","Y","N","42.733148","-73.684555","POINT (-73.684555 42.733148)"
"Rensselaer","Veggie Mobile Sprout-Conway Court Apts","12 Conway Ct Troy","12 Conway Ct.","Troy","NY","12180","Collin Parliman","5182748685","http://www.capitalroots.org","Fri 11:30am-12:15pm","Year-round","YR","Y","Y","N","Y","N","42.73979","-73.66072","POINT (-73.66072 42.73979)"
"Rensselaer","Veggie Mobile Sprout-Edward A. Kane Apts","5 115th St Troy","5 115th Street","Troy","NY","12182","Collin Parliman","5182748685","http://www.capitalroots.org","Thu 4pm-4:30pm","Year-round","YR","Y","Y","N","Y","N","42.7748","-73.67761","POINT (-73.67761 42.7748)"
"Rensselaer","Veggie Mobile Sprout-Lansingburgh Apts","41 114th St Troy","41 114th Street","Troy","NY","12182","Collin Parliman","5182748685","http://www.capitalroots.org","Wed 3pm-3:30pm","Year-round","YR","Y","Y","N","Y","N","42.77223","-73.67258","POINT (-73.67258 42.77223)"
"Rensselaer","Veggie Mobile Sprout-Monument Square Apts","2 1st St Troy","2 1st Street","Troy","NY","12180","Collin Parliman","5182748685","http://www.captialroots.org","Tue 11:30am-12:15pm","Year-round","YR","Y","Y","N","Y","N","42.73123","-73.69261","POINT (-73.69261 42.73123)"
"Rensselaer","Veggie Mobile Sprout-O'Neil Apts","2121 6th Ave Troy","2121 6th Ave.","Troy","NY","12180","Collin Parliman","5182748685","http://www.capitalroots.org","Wed 3:45pm-4:30pm","Year-round","YR","Y","Y","N","Y","N","42.73436","-73.68587","POINT (-73.68587 42.73436)"
"Rensselaer","Veggie Mobile Sprout-Watervliet Public Library","1501 Broadway #1","1501 Broadway","Watervliet","NY","12189","Collin Parliman","5182748685","http://www.capitalroots.org","Thu 12:30pm-1:30pm","Year-round","YR","Y","Y","N","Y","N","42.72629","-73.70008","POINT (-73.70008 42.72629)"
"Rensselaer","Veggie Mobile-Blooming Grove Sr Housing","99 Blooming Grove Dr Troy","99 Blooming Grove Drive","Troy","NY","12180","Collin Parliman","5182748685",,"Tue 1pm-1:45pm","Year-round","YR","Y","Y","N","Y","N","42.68861","-73.6803","POINT (-73.6803 42.68861)"
"Rensselaer","Veggie Mobile-Kennedy Towers Apts","2100 6th Ave Troy","2100 6th Avenue","Troy","NY","12180","Collin Parliman","5182748685","http://www.capitalroots.org","Wed 3:15pm-4:15pm","Year-round","YR","Y","Y","N","Y","N","42.75592","-73.67956","POINT (-73.67956 42.75592)"
"Rensselaer","Veggie Mobile-Renwyck Place Apts","18 4th Ave Rensselaer","18 4th Ave","Rensselaer","NY","12144","Collin Parliman","5182748685","http://www.capitalroots.org","Thu 11:15am-12pm","Year-round","YR","Y","Y","N","Y","N","42.63925","-73.73936","POINT (-73.73936 42.63925)"
"Rensselaer","Veggie Mobile-Van Rensselaer Heights","460 Forbes Ave Rensselaer","460 Forbes Avenue","Rensselaer","NY","12144","Collin Parliman","5182748685","http://www.capitalroots.org","Thu 10:15am-11am","Year-round","YR","Y","Y","N","Y","N","42.65953","-73.73008","POINT (-73.73008 42.65953)"
"Richmond","St George Greenmarket","St Marks Pl & Hyatt St","35 Hyatt Street","Staten Island","NY","10301","Daniel Olavarria","2127887900","http://www.grownyc.org/greenmarket/staten-island/saint-george","Sat 8am-1pm","Year-round","YR","Y","Y","N","Y","N","40.64159","-74.07791","POINT (-74.07791 40.64159)"
"Richmond","Staten Island Mall Greenmarket","Marsh Ave & Ring Rd","77 Marsh Avenue","Staten Island","NY","10314","Daniel Olavarria","2127887900","http://www.grownyc.org/greenmarket","Sat 8am-2pm","June 6-November 21","M","Y","Y","N","Y","Y","40.58333","-74.16089","POINT (-74.16089 40.58333)"
"Rockland","Cropsey Community Farm Stand","220 S Little Tor Rd New City","220 South Little Road","New City","NY","10956","Deirdre O'Reilly","9145613481","http://www.rocklandfarm.org","Wed/Fri/Sat 10am-3pm, Thu 10am-5pm","April 22-November 28","P/M","Y","N","N","Y","N","41.13265","-74.00063","POINT (-74.00063 41.13265)"
"Rockland","J & D Farm Stand","Finklestein Memorial Library, 24 Chestnut St Spring Valley","24 Chestnut St.","Spring Valley","NY","10977","Javier Perez Jr","8459786458",,"Wed 10am-3pm","June 10-October 28","M","Y","N","N","Y","N","41.10984","-74.04673","POINT (-74.04673 41.10984)"
"Rockland","Nyack Farmers' Market","Main Municipal Lot 119 Main St","Main St and Franklin St","Nyack","NY","10960","Bill Batson","8453532221","https://www.nyackchamber.org/nyack-farmers-market/","Thu 8am-2pm","Year-round","YR","Y","N","N","Y","N","41.09154","-73.9216","POINT (-73.9216 41.09154)"
"Rockland","Nyack WINTER Farmers' Market","Main St Parking Lot","56 Depew Ave, NY","Nyack","NY","10960","Bill Batson","8453532221","http://www.nyackchamber.org","Thu 9am-1pm","November 26-March 27","W/P","N","N","N","Y","N","41.089496","-73.919311","POINT (-73.919311 41.089496)"
"Rockland","Perez Farm Stand-Haverstraw","Haverstraw Village Hall 40 New Main St","New Main St and Maple Ave","Haverstraw","NY","10927","Javier or Estella Perez","9569037539",,"Sun 9am-2pm","June 21-November 8","M","Y","N","N","Y","N","41.19639","-73.96645","POINT (-73.96645 41.19639)"
"Rockland","Perez Farm Stand-Monsey","40 Robert Pitt Dr","40 Robert Pitt Dr","Monsey","NY","10952","Javier or Estella Perez","9569037539",,"Sun 10am-3pm","June 21-November 8","M","Y","N","N","Y","N","41.11129","-74.06488","POINT (-74.06488 41.11129)"
"Saratoga","Arnolds Farm Fresh Produce Farm Stand","1317 Sacandaga Rd West Charlton","1319 Sacandaga Rd","West Charlton","NY","12010","Jason Arnold","5182699562","http://www.arnoldsproduce.com","Daily 10am-6pm","April 13-December 15","P/M","Y","N","N","Y","N","42.96962","-74.02911","POINT (-74.02911 42.96962)"
"Saratoga","Ballston Spa Farmers' Market","Wiswall Park 39 Front St","39 Front Street","Ballston Spa","NY","12020","Steve Miraglia","5135324191","https://www.ballston.org/category/farmers-market","Sat 9am-1pm","June 13-October 3","M","Y","N","N","Y","N","43.00223","-73.85028","POINT (-73.85028 43.00223)"
"Saratoga","Bowman Orchards Farm Stand","147 Sugar Hill Rd Rexford","141 Sugarhill Road","Rexford","NY","12148","Katie Bowman-Oathout","5183712042","http://www.bowmanorchards.com","Daily 9am-5pm","Year-round","YR","Y","N","N","Y","N","42.81576","-73.83953","POINT (-73.83953 42.81576)"
"Saratoga","Clifton Park Farmers' Market","Shenendowa Methodist Church , 971 Rt 146","971 State Route 146","Clifton Park","NY","12065","Julia Howard","5188128649","http://www.saratogafarmersmarket.org","Mon 2pm-5pm","June 1-October 31","M","Y","N","N","Y","N","42.8688","-73.80859","POINT (-73.80859 42.8688)"
"Saratoga","Halfmoon Farmers' Market","Town Hall 2 Halfmoon Town Plaza","2 Halfmoon Town Plaza","Halfmoon","NY","12065","Jennifer Harrell","5183717410",,"Wed 2pm-6pm","Year-round","YR","Y","N","N","Y","N","42.85384","-73.72547","POINT (-73.72547 42.85384)"
"Saratoga","My Other Garden Farm Stand","2192 Cook Rd Ballston Lake","2192 Cook Road","Ballston Lake","NY","12019","Maria Matthews","5188825416",,"Daily 10am-6pm, Closed Tue","June 15-November 15","M","Y","N","N","Y","N","42.97542","-73.99127","POINT (-73.99127 42.97542)"
"Saratoga","Petuskes Produce Farm Stand","39 Halfmoon Drive Waterford","39 Halfmoon Drive","Waterford","NY","12188","Michelle Petuske","5183715709",,"Mon-Fri 9am-5:30pm, Sun/Sat 9am-3pm","May 6-September 30","P/M","Y","N","N","Y","N","42.82758","-73.71722","POINT (-73.71722 42.82758)"
"Saratoga","Saratoga Farmers' Market-Saturday","112 High Rock Park Ave","112 High Rock Avenue","Saratoga Springs","NY","12866","Julia Howard","5188128649","http://www.saratogafarmersmarket.org","Sat 9am-1pm","May 2-October 31","P/M","Y","Y","Y","Y","N","43.08653","-73.77965","POINT (-73.77965 43.08653)"
"Saratoga","Saratoga Farmers' Market-Wednesday","112 High Rock Park Ave","112 High Rock Avenue","Saratoga Springs","NY","12866","Julia Howard","5188128649","http://www.saratogafarmersmarket.org","Wed 3pm-6pm","May 2-October 31","P/M","N","Y","Y","Y","N","43.08653","-73.77965","POINT (-73.77965 43.08653)"
"Saratoga","Saratoga WINTER Farmers' Market","3065 NY-50 Saratoga Springs, Wilton Mall Food Court","3065 NY-50","Saratoga Springs","NY","12866","Julia Howard","5188128649","http://www.saratogafarmersmarket.org","Sat 9:30am-1:30pm","November 1-April 25, 2026","M/X/W/P","N","Y","Y","Y","N","43.06464","-73.79044","POINT (-73.79044 43.06464)"
"Saratoga","Spa City Farmers' Market","65 South Broadway Saratoga Spa St Pk, Lincoln Bath House Building","65 South Broadway","Saratoga Springs","NY","12866","Colleen Zorbas","5183390958","http://www.spacityfarmersmarket.com","Sun 10am-2pm","Year-round","YR","N","N","N","Y","N","43.06474","-73.78876","POINT (-73.78876 43.06474)"
"Saratoga","Stillwater Farmers' Market","Village Office 664 Hudson Ave","664 Hudson Ave.","Stillwater","NY","12170","Autumn Carpenter","5187019756",,"Tue 3pm-6pm","May 5-October 27","M","Y","N","N","Y","N","42.93756","-73.65848","POINT (-73.65848 42.93756)"
"Saratoga","The Farmer's Wagon Farm Stand","534 Grooms Rd Clifton Park","Grooms Road & Moe Road","Clifton Park","NY","12065","Kevin Bowman","5183712042",,"Daily 9am-6pm","May 1-October 20","P/M","Y","N","N","Y","N","42.84034","-73.79385","POINT (-73.79385 42.84034)"
"Saratoga","Veggie Mobile Sprout-Van Schoonhoven Square","1 Van Schoonhoven Square Waterford","1 Van Schoonhoven Square","Waterford","NY","12188","Collin Parliman","5182748685",,"Thu 3pm-3:45pm","Year-round","YR","Y","Y","N","Y","N","42.79526","-73.68062","POINT (-73.68062 42.79526)"
"Schenectady","Buhrmaster Farm Stand","189 Saratoga Rd Scotia","189 Saratoga Road","Scotia","NY","12302","Keith Buhrmaster","5183995931","http://www.buhrmasterfarms.com","Daily 9am-6pm","April 30-December 23","P/M/X","Y","N","N","Y","N","42.86538","-73.93288","POINT (-73.93288 42.86538)"
"Schenectady","Schenectady Farmers' Market","105 Jay St City Hall","105 Jay Street","Schenectady","NY","12305","Steve Feeney","5183862225",,"Thu 9:30am-1:30pm","May 7-October 29","P/M","Y","Y","Y","Y","N","42.81378","-73.94032","POINT (-73.94032 42.81378)"
"Schenectady","Schenectady Greenmarket","Franklin St & Jay St near City Hall","105 Jay St","Schenectady","NY","12305","Ariel White","5189860318","http://www.schenectadygreenmarket.org","Sun 10am-2pm","April 12-November 22","P/M","Y","N","N","Y","N","42.81372","-73.94015","POINT (-73.94015 42.81372)"
"Schenectady","Schenectady WINTER Greenmarket","Proctors Theater 432 State St","432 State St.","Schenectady","NY","12305","Ariel White","5189860318","http://www.schenectadygreenmarket.com","Sun 10am-2pm","December 7-March 29","X/W","N","N","N","Y","N","42.812373","-73.941802","POINT (-73.941802 42.812373)"
"Schenectady","Veggie Mobile Sprout-Edison Senior","1310 Princetown Rd Schenectady","1310 Princetown Rd","Schenectady","NY","12306","Collin Parliman","5182748685","http://www.capitalroots.org","Tue 3:15pm-4pm","Year-round","YR","Y","Y","N","Y","N","42.8054","-73.99947","POINT (-73.99947 42.8054)"
"Schenectady","Veggie Mobile Sprout-Father Leo Obrien","3151 Marra Ln Schenectady","3151 Marra Lane","Schenectady","NY","12303","Collin Parliman","5182748685","http://www.capitalroots.org","Tue 1:30pm-2:15pm","Year-round","YR","Y","Y","N","Y","N","42.76062","-73.94004","POINT (-73.94004 42.76062)"
"Schenectady","Veggie Mobile Sprout-Holly Manor","2415 Curry Rd Schenectady","2415 Curry Rd","Schenectady","NY","12303","Collin Parliman","5182748685","http://www.capitalroots.org","Tue 2:30pm-3pm","Year-round","YR","Y","Y","N","Y","N","42.76857","-73.94259","POINT (-73.94259 42.76857)"
"Schenectady","Veggie Mobile Sprout-Mont Pleasant Commons Sr Housing","1502 Chrisler Ave #1 Schenectady","1502 Chrisler Ave","Schenectady","NY","12303","Collin Parliman","5182748685","http://www.capitalroots.org","Tue 1:45-2:30PM (1st and 3rd Tuesday)","Year-round","YR","N","N","N","Y","N","42.79161","-73.94003","POINT (-73.94003 42.79161)"
"Schenectady","Veggie Mobile-Joseph Allen Apartments","780 Albany St Schenectady","780 Albany Street","Schenectady","NY","12307","Collin Parliman","5182748685",,"Mon 2pm-2:45pm","Year-round","YR","Y","Y","N","Y","N","42.80684","-73.93668","POINT (-73.93668 42.80684)"
"Schenectady","Veggie Mobile-Schaffer Heights","107 Nott Terrace Schenectady","107 Nott Terrace","Schenectady","NY","12308","Collin Parliman","5182748685",,"Mon 2:45-3:45pm","Year-round","YR","Y","Y","N","Y","N","42.81356","-73.93277","POINT (-73.93277 42.81356)"
"Schenectady","Veggie Mobile-Summit Towers","720 Albany St Schenectady","720 Albany street","Schenectady","NY","12307","Collin Parliman","5182748685","http://www.capitalroots.org","Fri 1:30pm-2:30pm","Year-round","YR","Y","Y","N","Y","N","42.80923","-73.93822","POINT (-73.93822 42.80923)"
"Schenectady","Veggie Mobile-Ten Eyck Apts","375 Broadway Schenectady","375 Broadway","Schenectady","NY","12305","Collin Parliman","5182748685","http://www.capitalroots.org","Fri 2:45pm-3:45pm","Year-round","YR","Y","Y","N","Y","N","42.80919","-73.94511","POINT (-73.94511 42.80919)"
"Schenectady","Will-A-Way Farm Farm Stand","14653 Duanesburg Rd Schoharie","14653 Duanesburg Road","Schoharie","NY","12157","Erin Smith","3152197578",,"Thu-Sat 3pm-6pm","Year-round","YR","N","N","N","Y","N","42.71853","-74.26954","POINT (-74.26954 42.71853)"
"Schoharie","Barber Family Farm Stand","3617 State Route 30 Middleburgh","3617 State Route 30","Fulton","NY","12122","Cindy Barber","5188275454","http://www.barbersfarm.com","Wed-Sun 9am-5:30pm","Year-round","YR","Y","N","N","Y","N","42.58123","-74.39189","POINT (-74.39189 42.58123)"
"Schoharie","Central Bridge Farmers' Market","Central Bridge Ball Park off Rt 30A","116 South Main Street","Central Bridge","NY","12035","Earl Van Wormer","5188520270",,"Wed 4:30pm-7:30pm","July 1-October 28","M","Y","N","N","Y","N","42.71094","-74.33805","POINT (-74.33805 42.71094)"
"Schoharie","Festival Farmers' Market","Gathering Place Community Center, 127 Kenyon Rd Cobleskill","127 Kenyon Rd","Cobleskill","NY","12043","Erin Smith","3152197578",,"Sat 10am-2pm","July 11-November 28","M","Y","Y","Y","Y","N","42.68283","-74.44221","POINT (-74.44221 42.68283)"
"Schoharie","Parsons Vegetable Farm Farm Stand","756 US Highway 20 Sharon Springs","756 US Highway 20","Sharon Springs","NY","13459","Kenyon Parsons","5182842330",,"Daily 10am-6pm","April 1-December 20","P/M/X","Y","N","N","Y","N","42.78332","-74.60004","POINT (-74.60004 42.78332)"
"Schoharie","Schoharie Valley Farms Farm Stand","""The Carrot Barn"", 5605 State Route 30","5605 State Route 30","Schoharie","NY","12157","Ethan Ball","5182957139","http://www.schoharievalleyfarms.com","Daily 9am-6pm","Year-round","YR","Y","N","N","Y","N","42.68477","-74.29692","POINT (-74.29692 42.68477)"
"Schoharie","Van-Dale Farms Farm Stand","1391 Grovenors Corners Rd Central Bridge","1391 Grovenors Corners Road","Central Bridge","NY","12035","Earl Van Wormer","5188520270",,"Daily 9am-6pm","June 15-November 30","M","Y","N","N","Y","N","42.72439","-74.36357","POINT (-74.36357 42.72439)"
"Schuyler","Montour Falls Farmers' Market","301 Clawson Blvd","301 Clawson Boulevard","Montour Falls","NY","14865","Jessica Westlake","6077426798","http://www.montourfallsfarmersmarket.com","Thu 4pm-7pm","June 11-October 8","M","Y","Y","Y","Y","N","42.34629","-76.84783","POINT (-76.84783 42.34629)"
"Schuyler","Muddy Fingers Farm Stand","3859 Dugue Rd Hector","3859 Dugue Road","Hector","NY","14841","Matthew Glenn","6075464535",,"Fri 12pm-6pm","Year-round","YR","Y","Y","N","Y","N","42.52211","-76.85576","POINT (-76.85576 42.52211)"
"Schuyler","R Farms Farm Stand","3132 County Line Rd Watkins Glen","3132 County Line Road","Watkins Glen","NY","14891","Ashley Richtmyer","6073421695",,"Wed 4pm-7pm","July 1-November 1","M","Y","N","N","Y","N","42.38164","-76.9035","POINT (-76.9035 42.38164)"
"Schuyler","R Farms Lafayette Park Farm Stand","4th and Decatur St Watkins Glen","4th and Decatur Street","Watkins Glen","NY","14891","Ashley Richtmyer","6073421695",,"Tue 4pm-7pm","July 1-September 29","M","Y","N","N","Y","N","42.38114","-76.87149","POINT (-76.87149 42.38114)"
"Seneca","Ovid Farmers Market","Three Bears Park","7175 Main Street","Ovid","NY","14521","Tricia Carvalho","3155399251",,"Sat 9am-12pm","June 20-September 26","M","Y","Y","Y","Y","N","42.67552","-76.82293","POINT (-76.82293 42.67552)"
"Seneca","Seneca Falls Farmers' Market","Rec Center parking lot 35 Water St","Water St and Bridge St","Seneca Falls","NY","13148","Tricia Carvalho","3155399251","http://www.senecamarket.com","Tue 2pm-6pm","June 16-October 20","M","Y","Y","Y","Y","N","42.91008","-76.80086","POINT (-76.80086 42.91008)"
"Seneca","Waterloo Farmers' Market","1171 Waterloo-Geneva Rd","1171 Waterloo-Geneva Rd","Waterloo","NY","13165","Tricia Carvalho","3155399251","http://www.waterloofarmmarket.com","Thu 2pm-6pm","June 4-October 15","M","Y","Y","Y","Y","N","42.90213","-76.88704","POINT (-76.88704 42.90213)"
"St. Lawrence","Bob's Produce Farm Stand","1895 County Route 20 Hermon","1895 County Route 20","Hermon","NY","13652","Bob Smith","3155287595",,"Mon-Sat 8am-5pm","May 15-November 15","P/M","Y","Y","N","Y","N","44.46199","-75.24457","POINT (-75.24457 44.46199)"
"St. Lawrence","Canton Friday Farmers' Market","Village Green Park 17 Park St","Village Green Park  Main St.","Canton","NY","13617","Carlene Doane","3152618054","http://www.gardenshare.org","Fri 9am-2pm","May 8-October 30","P/M","Y","Y","N","Y","N","44.59564","-75.16728","POINT (-75.16728 44.59564)"
"St. Lawrence","Canton Tuesday Farmers' Market","Village Green Park 17 Park St","Main St and Park St","Canton","NY","13617","Carlene Doane","3152618054","http://www.gardenshare.org","Tue 9am-2pm","May 12-October 27","P/M","Y","Y","N","Y","N","44.59564","-75.16921","POINT (-75.16921 44.59564)"
"St. Lawrence","Drumlins Farm Stand","105 Harte Haven Plaza Massena","105 Harte Haven Plaza","Massena","NY","13662","Sue Rau","3153230850",,"Sun 10am-2pm","July 12-October 11","M","Y","N","N","Y","N","44.92228","-74.88403","POINT (-74.88403 44.92228)"
"St. Lawrence","Gouverneur Farmers' Market","Village Park 15 Church St","East Main Street and Village Park","Gouverneur","NY","13642","Carlene Doane","3152618054","https://gardenshare.org/","Thu 9am-2pm","June 4-October 29","M","Y","Y","N","Y","N","44.33871","-75.45766","POINT (-75.45766 44.33871)"
"St. Lawrence","Hammond Farmers' and Artisans Market","Hammond Museum 14 Main St","14 North Main Street","Hammond","NY","13646","Lori Thistle","3153245032",,"Wed 3pm-6pm","June 10-September 9","M","Y","N","N","Y","N","44.45118","-75.69312","POINT (-75.69312 44.45118)"
"St. Lawrence","Potsdam Farmers' Market","Ives Park 3 Riverview Dr","3 Riverview Drive","Potsdam","NY","13676","Carlene Doane","3152618054","http://www.gardenshare.org","Sat 9am-2pm","June 6-October 31","M","Y","Y","N","Y","N","44.66865","-74.98493","POINT (-74.98493 44.66865)"
"St. Lawrence","Whitten Family Farm Stand","1101 Cty Route 49 Winthrop","1101 County Road 49","Winthrop","NY","13697","Cherie Whitten","5183595112","http://www.whittenfamilyfarm.com","Mon-Wed 10am-6pm","June 16-December 31","M/X","Y","Y","N","Y","N","44.75203","-74.752","POINT (-74.752 44.75203)"
"Steuben","Bath Wednesday Farmers' Market","Pulteney Square Park Steuben St","Steuben St and Liberty St","Bath","NY","14810","Hazel Buck","6077943494",,"Wed 9am-2pm","May 6-October 28","P/M","Y","N","N","Y","Y","42.33353","-77.31842","POINT (-77.31842 42.33353)"
"Steuben","Corning Farmers' Market","Riverfront Centennial Park , 1 Riverfront Plaza Gaffer District","1 Riverfront Park","Corning","NY","14830","Katherine Perchik","6079376292","http://www.gafferdistrict.com","Thu 10am-2pm","June 4-October 29","M","Y","Y","N","Y","Y","42.1443","-77.05339","POINT (-77.05339 42.1443)"
"Steuben","Dave's Produce Farm Stand","6719 State Route 415 S Bath","6719 State Route 415 South","Bath","NY","14810","David Hyer","6077947043",,"Mon-Sat 9am-5pm, Sun 10am-4pm","Year-round","YR","Y","N","N","Y","N","42.32583","-77.29073","POINT (-77.29073 42.32583)"
"Steuben","Eggs 'n Honey Homestead Farm Stand","6361 State Route 53 Prattsburgh","6361 State Route 53","Prattsburgh","NY","14873","Celeste Arlie","5858805721",,"Wed 12pm-5pm","May 1-November 1","P/M","Y","N","N","Y","N","42.55594","-77.34326","POINT (-77.34326 42.55594)"
"Steuben","Habee Farms Mobile Market-Addison","Addison Youth Center 21 Community Dr","21 Community Drive","Addison","NY","14870","Lisa Demytrk-Rivera","7322722709",,"Wed 4pm-6pm","July 22-October 7","M","Y","N","N","Y","N","42.1105","-77.22074","POINT (-77.22074 42.1105)"
"Steuben","Habee Farms Mobile Market-Painted Post","Erwin Town Hall , 310 Town Center Rd","310 Town Center Road","Painted Post","NY","14870","Lisa Demytrk-Rivera","7322722709",,"Wed 1pm-3pm","July 22-October 7","M","Y","N","N","Y","N","42.15233","-77.10914","POINT (-77.10914 42.15233)"
"Steuben","KC's Produce Farm Stand","8999 State Route 21 Cohocton","8999 State Route 21","Cohocton","NY","14826","Molly Clymo","6079681468",,"Daily 8am-6pm","May 1-November 10","P/M","Y","N","N","Y","N","42.42329","-77.56577","POINT (-77.56577 42.42329)"
"Steuben","Lowery Family Farm Farm Stand","78 Main St Savona","78 Main Street","Savona","NY","14879","Kyle Lowery","6073689197","http://www.loweryfamilyfarms.com","Mon-Fri 9am-6pm, Sat/Sun 9am-5pm","Year-round","YR","Y","N","N","Y","N","42.28168","-77.22049","POINT (-77.22049 42.28168)"
"Steuben","Lowery Family Farm MM-Corning","Corning Senior Center, 1 Park Ln","130 Center Way","Corning","NY","14830","Kyle Lowery","6073689197",,"Tue 9am-11am","July 21-October 6","M","Y","N","N","Y","N","42.14893","-77.05201","POINT (-77.05201 42.14893)"
"Steuben","Lowery Family Farm MM-Hornell","Hornell YMCA Pavilion, 18 Center St","17 Center St","Hornell","NY","14843","Kyle Lowery","6073689197",,"Tue 3pm-5pm","July 21-October 6","M","Y","N","N","Y","N","42.32543","-77.65884","POINT (-77.65884 42.32543)"
"Steuben","Painted Post Farmers' Market","Erwin Museum 277 Steuben St","277 Steuben Street","Painted Post","NY","14870","Cathy Halm","6075278730",,"Sat 10am-2pm","May 23-November 7","P/M","Y","N","N","Y","N","42.16134","-77.0919","POINT (-77.0919 42.16134)"
"Steuben","The Tailgate Farm Stand","7499 State Route 415 Bath","7499 State Route 415","Bath","NY","14810","Cody Smalt","6076225076",,"Tue-Sat 8am-6pm, Sun 1pm-6pm","Year-round","YR","Y","N","N","Y","N","42.36444","-77.35937","POINT (-77.35937 42.36444)"
"Suffolk","Al's Farm Stand","405 Locust Ave Oakdale","405 Locust Avenue","Oakdale","NY","11769","Tina Vergari","5166727444","http://www.familyres.org","Wed/Fri 9am-1pm","May 27-October 30","P/M","Y","N","N","Y","N","40.77235","-73.24614","POINT (-73.24614 40.77235)"
"Suffolk","Andrews Family Farm Farm Stand","1038 Sound Ave Calverton","1038 Sound Ave","Calverton","NY","11933","Rose Andrews","6319290038",,"Mon-Sat 9am-5pm, Sun 9am-4pm","May 1-October 23","P/M","Y","N","N","Y","N","40.94993","-72.80243","POINT (-72.80243 40.94993)"
"Suffolk","Babylon Village Farmers' Market","244 W Main St","244 West Main St","Babylon","NY","11702","Lona Graepel","6314023867","http://www.longislandfarmersmarkets.com","Sun 8am-12pm","June 1-October 26","M","Y","N","N","Y","N","40.69455","-73.32978","POINT (-73.32978 40.69455)"
"Suffolk","Cess Farms Farm Stand","1389 N Windsor Ave Bayshore","1389 N. Windsor Ave","Bayshore","NY","11706","Cess Jones","5165439206","http://cessfarms.com","Fri-Sat 3pm-7pm, Sun 12pm-4pm","June 15-November 15","M","Y","N","N","Y","N","40.73828","-73.27129","POINT (-73.27129 40.73828)"
"Suffolk","Dobler Farm Stand","1989 Deer Park Ave","1989 Deer Park Avenue","Deer Park","NY","11729","Erika Dobler","5169651568",,"Daily 9am-5pm","May 1-November 26","P/M","Y","N","N","Y","N","40.76618","-73.33076","POINT (-73.33076 40.76618)"
"Suffolk","HOG Farm Stand-Brookhaven","319 Beaverdam Rd Brookhaven","319 Beaverdam Rd","Brookhaven","NY","11719","Lauren Napoli","6317902561","http://thehogfarm.org","Mon/Wed/Fri 3:30-6:30pm, Sat 9am-1pm","May 10-December 13","P/M/X","Y","N","N","Y","N","40.77329","-72.90525","POINT (-72.90525 40.77329)"
"Suffolk","Huntington Farmers' Market","Elm St parking lot 228 Elm St","228 Main St","Huntington","NY","11743","Lona Graepel","6314023867","http://www.longislandfarmersmarkets.com","Sun 8am-12:30pm","June 7-November 22","M","Y","N","N","Y","N","40.87163","-73.42456","POINT (-73.42456 40.87163)"
"Suffolk","Islip Farmers' Market","Town Hall parking lot Rt 27A , 655 Main St","655 Main Street","Islip","NY","11751","Ethel Terry","6314668939","http://www.longislandgrowersmarket.com","Sat 7am-12pm","June 6-November 21","M","Y","N","N","Y","N","40.72975","-73.21077","POINT (-73.21077 40.72975)"
"Suffolk","John Gardiner Farm Stand","900 Park Ave Huntington","900 Park Avenue","Huntington","NY","11743","Erika Dobler","5169651568",,"Daily 10am-5pm","July 1-October 31","M","Y","N","N","Y","N","40.85099","-73.38016","POINT (-73.38016 40.85099)"
"Suffolk","Montauk Farmers' Market","Village Green 742 Montauk Hwy","742 Montauk Hwy","Montauk","NY","11954","Rachel Corsi","6316682428","https://montaukchamber.com/montauk-farmers-market/","Thu 9am-2pm","May 21-October 2","P/M","Y","N","N","Y","N","41.03436","-71.94424","POINT (-71.94424 41.03436)"
"Suffolk","Northport Farmers Market","1 Main St Northport","2 Main Street","Northport","NY","11768","Dorothy Walsh","6316627244",,"Sat 8am-12:30pm","June 6-November 21","M","Y","N","N","Y","N","40.89994","-73.35247","POINT (-73.35247 40.89994)"
"Suffolk","Rexer Farm Stand","1028 Park Ave Huntington","1028 Park Avenue","Huntington","NY","11743","Elizabeth Rexer","6314273276",,"Tue-Sat 10am-6pm , Sun 10am-4pm","Year-round","YR","Y","N","N","Y","N","40.83997","-73.36801","POINT (-73.36801 40.83997)"
"Suffolk","Sag Harbor Farmers' Market","Breakwater Yacht Club at Bay St & Burke St","Bay and Burke Streets","Sag Harbor","NY","11963","Katherine Plumb","6317259133","https://eastendfarmersmarkets.com/","Sat 9am-1pm","May 23-October 31","P/M","Y","N","N","Y","N","41.00107","-72.29137","POINT (-72.29137 41.00107)"
"Suffolk","Schneider's Farm Stand","316 Old Country Rd Melville","316 Old Country Road","Melville","NY","11747","Mary Schneider","6316735844","http://www.schneidersfarmmelville.com","Daily 9am-5pm","April 24-November 30","P/M","Y","N","N","Y","N","40.80186","-73.39911","POINT (-73.39911 40.80186)"
"Suffolk","Thera Farms Farm Stand","1725 Brentwood Rd Brentwood","1725 Brentwood Road","Brentwood","NY","11717","Teddy Bolkas","6314785229",,"Daily 9am-5pm","April 24-November 2","W/P/M","Y","Y","N","Y","N","40.77235","-73.24614","POINT (-73.24614 40.77235)"
"Sullivan","Barryville Farmers' Market","3405 NY-97","3405 NY -97","Barryville","NY","12719","Erin West","5613242620","http://barryvillefarmersmarket.org","Sat 10am-1pm","May 16-October 31","P/M","Y","N","N","Y","N","41.47847","-74.91539","POINT (-74.91539 41.47847)"
"Sullivan","Ben Ben Farm Stand","1082 County Rd 114 Cohecton","1082 County Road 114","Cohecton","NY","12726","Aaron Schor","5163824327",,"Daily 6am-6pm","Year-round","YR","N","N","N","Y","N","41.71087","-74.98006","POINT (-74.98006 41.71087)"
"Sullivan","Callicoon Farmers' Market","Callicoon Creek Park 29 Dorrer Dr","29 Dorrer Drive","Callicoon","NY","12723","Jaquel Theis","5706874682","http://www.callicoonfarmersmarket.org","Sun 11am-2pm","Year-round","YR","Y","N","N","Y","N","41.76559","-75.05797","POINT (-75.05797 41.76559)"
"Sullivan","Callicoon WINTER Farmers' Market","Delaware Youth Center, 8 Creamery Rd Callicoon","8 Creamery Road","Callicoon","NY","12723","Jaquel Theis","5706874682","http://callicoonfarmersmarket.org/","Sun 11am-2pm","December 1-March 30","X/W","N","Y","Y","Y","N","41.76418","-75.05712","POINT (-75.05712 41.76418)"
"Sullivan","Kauneonga Lake Farmers' Market","Village Square 3594 State Rt 55","3597 State Route 55","Kauneonga Lake","NY","12749","Moreen Lerner","9082026033","http://www.kauneongalakefarmersmarket.org","Sat 11am-2pm","June 28-September 6","M","Y","N","N","Y","N","41.68587","-74.83132","POINT (-74.83132 41.68587)"
"Sullivan","Liberty Farmers' Market","119 N Main St","119 N Main St","Liberty","NY","12754","Eugene Thalmann","6313327948","https://www.catskillmountainkeeper.org/mountainkeeper_markets","Fri 3pm-6pm","June 26-September 11","M","Y","Y","N","Y","N","41.80129","-74.74684","POINT (-74.74684 41.80129)"
"Sullivan","Livingston Manor Farmers' Market","62 Main St","62 Main Street","Livingston Manor","NY","12758","Maria Bivins","8457072723",,"Sun 10am-2pm","May 24-October 11","P/M","Y","N","N","Y","N","41.90119","-74.82754","POINT (-74.82754 41.90119)"
"Sullivan","Music & Farmers' Market in the Park","Veterans' Park 3rd St Wurtsboro","3rd Street","Wurtsboro","NY","12790","Jaclyn Horton-Jennex","8456994630",,"Thu 4pm-7pm","June 11-September 24","M","Y","N","N","Y","N","41.57654","-74.48439","POINT (-74.48439 41.57654)"
"Sullivan","Narrowsburg Farmers' Market","7 Erie Ave Narrowsburg","7 Erie Ave","Narrowsburg","NY","12764","Greg Swartz","5709820050",,"Sat 10am-1pm","May 16-October 31","P/M","Y","N","N","Y","N","41.6052","-75.06393","POINT (-75.06393 41.6052)"
"Sullivan","Rock Hill Farmers' Market","61 Glen Wild Rd","96 Lake Louise Marie Rd","Rock Hill","NY","12775","Melinda Meddaugh","8456934225","https://rockhillfarmersmarket.org/","Sat 10am-1pm","June 6-September 26","M","Y","Y","Y","Y","N","41.62135","-74.59112","POINT (-74.59112 41.62135)"
"Sullivan","Sullivan Fresh Market-Loch Sheldrake","Route 52 & Hasbrouck Rd , Lock Sheldrake public parking lot","Hasbrouck Rd.@ CR52","Lock Sheldrake","NY","12788","Alan Carrol","8452926180","http://sullivanfreshmarkets.org","Wed 2:30pm-4pm","July 1-October 28","M","Y","N","N","Y","N","41.75888","-74.60189","POINT (-74.60189 41.75888)"
"Sullivan","Sullivan Fresh Market-S.Fallsburg","19 Railroad Plaza South Fallsburg","19 Railroad Plaza","South Fallsburg","NY","12779","Alan Carrol","8452926180","http://sullivanfreshmarkets.org","Wed 11:30am-1pm","July 1-October 28","M","Y","N","N","Y","N","41.70828","-74.6297","POINT (-74.6297 41.70828)"
"Sullivan","Sullivan Fresh Market-Woodridge","Green Ave and Dairyland Rd Woodridge, Village of Woodridge Municipal Lot","Green Ave and Dairyland Rd","Woodridge","NY","12789","Alan Carrol","8452926180","http://sullivanfreshmarkets.org","Wed 10am-11am","July 1-October 6","M","Y","N","N","Y","N","41.70949","-74.57196","POINT (-74.57196 41.70949)"
"Sullivan","Sullivan Fresh Monticello Farmers' Market","10 Jefferson St","10 Jefferson St","Monticello","NY","12701","Alan Carrol","8452926180","http://www.sullivancce.org","Thu 10am-1pm","June 25-September 24","M","Y","Y","Y","Y","N","41.65729","-74.69264","POINT (-74.69264 41.65729)"
"Tioga","Candor Farmers' Market","Town Hall 101 Owego Rd","101 Owego Rd","Candor","NY","13743","Joellen Riggs","6077684072","http://www.candorfarmersmarket.org","Thu 3:30pm-6:30pm","June 18-November 24","M","Y","N","N","Y","N","42.23249","-76.33317","POINT (-76.33317 42.23249)"
"Tioga","Huizinga Farmstead Farm Stand","463 Ithaca Rd Willseyville","463 Ithaca Rd","Willseyville","NY","13864","Robin Huizinga","6075926153",,"Sat-Sun 8am-1pm","July 20-November 1","M","Y","N","N","Y","N","42.2521","-76.37442","POINT (-76.37442 42.2521)"
"Tioga","Parkers Produce Farm Stand","468 Cayuta Ave Waverly","468 Cayuta Avenue","Waverly","NY","14892","Daniel Mann","5708861087",,"Daily 9am-7pm","Year-round","YR","Y","Y","N","Y","N","42.00541","-76.52613","POINT (-76.52613 42.00541)"
"Tioga","Seven Counties Friday Farmers' Market","3732 Waverly Rd Owego","3732 Waverly Road","Owego","NY","13827","Martha Schaffer","6072372799",,"Fri 3pm-7pm","June 16-October 30","M","Y","Y","Y","Y","N","42.08804","-76.2991","POINT (-76.2991 42.08804)"
"Tioga","Seven Counties Tuesday Farmers' Market","3732 Waverly Rd Owego","3732 Waverly Road","Owego","NY","13827","Martha Schaffer","6072372799",,"Tue 9am-1pm","June 16-October 30","M","Y","Y","N","Y","N","42.08804","-76.2991","POINT (-76.2991 42.08804)"
"Tompkins","Finger Lakes WINTER Market","235 S Cayuga St Ithaca","235 South Cayuga Street","Ithaca","NY","14850","Melissa Redman-Rupe","6075929606",,"Sunday  11am-2pm","January 8-March 26","W","N","N","N","Y","N","42.43748","-76.49887","POINT (-76.49887 42.43748)"
"Tompkins","Freeville Farmers' Market","43 Main St Freeville","43 Main St.","Freeville","NY","13068","Mark Baxendell","6078983556","http://freevillefarmersmarket.org","Sun 11:30am-2:30pm","May 3-November 1","P/M","Y","N","N","Y","N","42.51179","-76.35084","POINT (-76.35084 42.51179)"
"Tompkins","Indian Creek Farm Farm Stand","1408 Trumansburg Rd Ithaca","1408 Trumansburg Rd","Ithaca","NY","14850","Alice Brigance","5044328696","http://www.indiancreekithaca.com","Daily 9am-7pm, Closed Mon","June 1-October 31","M","Y","N","N","Y","N","42.4718","-76.54806","POINT (-76.54806 42.4718)"
"Tompkins","Ithaca Farmers' Market (East Hill Wed)","East Hill Plaza 330 Pine Tree Rd","330 Pine Tree Road","Ithaca","NY","14850","Carrie Cuinn","6072737109","http://www.ithacamarket.com","Wed 3pm-6pm","May 6-October 28","P/M","Y","N","N","Y","N","42.43772","-76.46576","POINT (-76.46576 42.43772)"
"Tompkins","Ithaca Farmers' Market (Steamboat Sat)","Steamboat Landing 545 3rd St","545 Third Street","Ithaca","NY","14850","Carrie Cuinn","6072737109","http://www.ithacamarket.com","Sat 9am-3pm","April 4-December 19","P/M/X","Y","Y","Y","Y","N","42.44958","-76.50785","POINT (-76.50785 42.44958)"
"Tompkins","Ithaca Farmers' Market (Steamboat Sun)","Steamboat Landing 545 3rd St","545 Third Street","Ithaca","NY","14850","Carrie Cuinn","6072737109","http://www.ithacamarket.com","Sun 10am-3pm","April 5-December 20","P/M","Y","Y","Y","Y","N","42.44958","-76.50782","POINT (-76.50782 42.44958)"
"Tompkins","Ithaca WINTER Farmers' Market","Inside Triphammer Marketplace, 2255 North Triphammer Rd","2255 North Triphammer Road","Ithaca","NY","14850","Carrie Cuinn","6072737109","http://www.ithacamarket.com","Sat 10:30am-2pm","January 3-March 28","W/P","N","Y","Y","Y","N","42.47899","-76.48231","POINT (-76.48231 42.47899)"
"Tompkins","Jasper Meadows Farm Stand","26 Palmear Rd Freeville","26 Palmear Road","Freeville","NY","13068","Charles and Madalyn Alridge","6077084327",,"Mon-Fri 4pm-7pm","June 1-October 31","M","Y","N","N","Y","N","42.52078","-76.35776","POINT (-76.35776 42.52078)"
"Ulster","Ellenville Farmers' Market","11 Market St Ellenville","11 Market St","Ellenville","NY","12428","Scott Frost","2624962602","http://www.instagram.com/ellenvillefarmersmarket/","Friday 4pm-7pm","June 5-October 2","M","N","Y","Y","Y","N","41.71629","-74.39406","POINT (-74.39406 41.71629)"
"Ulster","Heart of the Hudson Valley Farmers' Market","Cluett-Schantz Park 1801-1805 Rt 9W Milton","1801-1805 Rt 9W","Milton","NY","12547","Lucia Granieri","8454642789","http://www.hhvfarmersmarket.com","Sat 9am-2pm","June 6-October 3","M","Y","N","N","Y","N","41.65396","-73.96606","POINT (-73.96606 41.65396)"
"Ulster","Hudson Valley Open Market","196 Main St New Paltz","196 Main Street","New Paltz","NY","12561","Laura Foster","3473851787",,"Sat 10am-3pm","May 2-October 24","P/M","Y","N","N","Y","N","41.74468","-74.07724","POINT (-74.07724 41.74468)"
"Ulster","Kingston Farmers' Market","285 Wall St","Wall St and John St","Kingston","NY","12401","Lorraine Salisbury","5857472374","http://www.kingstonfarmersmarket.org","Sat 9am-1pm","May 2-November 21","P/M","Y","Y","Y","Y","N","41.93384","-74.01968","POINT (-74.01968 41.93384)"
"Ulster","Kingston WINTER Farmers' Market","The Old Dutch Church 272 Wall St","272 Wall Street","Kingston","NY","12401","Lorraine Salisbury","5857472374","http://www.kingstonfarmersmarket.org","alt. Sat 10am-2pm","December 6-March 29","X/W/P","N","Y","Y","Y","N","41.93283","-74.01886","POINT (-74.01886 41.93283)"
"Ulster","Kingston YMCA Farm Stand","507 Broadway","507 Broadway","Kingston","NY","12401","Kaycee Wimbish","8453322927","http://www.kingstonymcafarmproject.org","Tue 10am-12pm , Thu 3:30pm-6pm","June 4-December 17","M/X","Y","Y","N","Y","N","41.92805","-74.0007","POINT (-74.0007 41.92805)"
"Ulster","Phoenicia Farmers' Market","Parish Field Phoenicia Park","109 Main St.","Phoenicia","NY","12464","Sophie Grant","9172942017","http://phoeniciafarmersmarket.com","Sun 10am-2pm","May 17-November 1","P/M","Y","Y","Y","Y","N","42.08364","-74.31303","POINT (-74.31303 42.08364)"
"Ulster","Phoenicia Winter Farmers Market","Pine Hill Community Center, 287 Main St Pine Hill","287 Main St","Pine Hill","NY","12465","Sophie Grant","9172942017","http://www.phoeniciafarmersmarket.com/","Sun 11am-2pm","November 9-March 29","M/X/W","N","Y","Y","Y","N","42.13228","-74.47963","POINT (-74.47963 42.13228)"
"Ulster","Rosendale Farmers' Market","5 Hardenburgh Ln","5 Hardenburgh Ln.","Rosendale","NY","12472","Robert Fade","8459439700",,"Sun 10am-2pm","May 24-October 25","P/M","Y","Y","Y","Y","N","41.84442","-74.08274","POINT (-74.08274 41.84442)"
"Ulster","Saugerties Farmers' Market","115 Main St","115 Main Street","Saugerties","NY","12477","Judith Spektor","9177415524","http://www.saugertiesfarmersmarket.com","Sat 10am-2pm","May 23-October 24","P/M","N","Y","Y","Y","N","42.07901","-73.94894","POINT (-73.94894 42.07901)"
"Ulster","Woodstock Farm Festival Farmers' Market","20 Mountainview Ave parking lot","20 Mountainview Avenue","Woodstock","NY","12498","Kelly Mullins","8457682333","http://www.woodstockfarmfestival.org","Wed 3pm-7pm","May 13-October 14","P/M","Y","Y","Y","Y","N","42.04018","-74.11797","POINT (-74.11797 42.04018)"
"Ulster","Woodstock Farm Festival Winter Farmers' Market","56 Rock City Rd, Woodstock Community Center","293 Tinker Street","Woodstock","NY","12498","Kelly Mullins","8457682333","http://www.woodstockfarmfestival.com","2nd & 4th Sat 10am-1pm","December 13-March 28","X/W","N","Y","Y","Y","N","42.04008","-74.15439","POINT (-74.15439 42.04008)"
"Warren","Glens Falls Farmers' Market","South Street Market Pavilion","25 South Street","Glens Falls","NY","12801","Richard Sandora","5187920438","http://www.glensfallsfarmersmarket.com","Sat 8am-12pm","May 3-October 25","P/M","Y","Y","Y","Y","Y","43.3099","-73.64699","POINT (-73.64699 43.3099)"
"Warren","Glens Falls WINTER Farmers' Market","57 South St","57 South St","Glens Falls","NY","12801","Richard Sandora","5187920438","http://www.glensfallsfarmersmarket.com","Sat 9am-12pm","November 2-April 26","M/X/W/P","N","Y","Y","Y","N","43.30922","-73.64742","POINT (-73.64742 43.30922)"
"Washington","Bernard Farm Farm Stand","2275 NY-22 Cambridge","2275 State Route 22","Cambridge","NY","12816","Kari Bernard","9174351916","http://www.bernardfarm.com","Thu-Sat 10am-5pm, Sun 10am-3pm","June 4-December 20","M","Y","Y","N","Y","N","43.05597","-73.37297","POINT (-73.37297 43.05597)"
"Washington","Cambridge Valley Farmers' Market","Owlkill Commons 17 W Main St","17 West Main Street","Cambridge","NY","12816","Debby Jaffe","5186778128","http://www.cambridgevalleyfarmersmarket.com","Sun 10am-1pm","May 17-October 25","P/M","Y","N","N","Y","N","43.02804","-73.38336","POINT (-73.38336 43.02804)"
"Washington","Ft Edward Canal St. Mktplace Farmers' Market","63 Canal St","63 Canal Street","Fort Edward","NY","12828","Peter Williams","5183212954","http://www.canalstreetmarketplace.org","Thu 4pm-7pm","June 4-September 24","M","Y","N","N","Y","N","43.26875","-73.58419","POINT (-73.58419 43.26875)"
"Washington","Slate Valley Farmers' Market","Veteran's Memorial Park Granville, Quaker & Morrison Sts","Quaker and Morrison Streets","Granville","NY","12832","Heather Magee","8602480336",,"Wed 10am-1pm","June 10-October 14","M","Y","N","N","Y","Y","43.40439","-73.26578","POINT (-73.26578 43.40439)"
"Washington","Slateville Farm Stand","304 County Route 28 Granville","304 County Route 28","Granville","NY","12832","Heather Magee","8602480336","http://www.slateville.com","Sat 10am-4pm","May 16-October 17","P/M","Y","Y","N","Y","N","43.34386","-73.29593","POINT (-73.29593 43.34386)"
"Washington","Stevens Vegetables Farm Stand","1598 County RT 49 Argyle","1598 RT 49","Argyle","NY","12809","Dee Stevens","5186388879",,"Daily 9am-5pm","July 1-October 31","M","Y","N","N","Y","N","43.18335","-73.48709","POINT (-73.48709 43.18335)"
"Washington","Swezey View Farm Farm Stand","301 Gibbs Rd Fort Ann","301 Gibbs Road","Fort Ann","NY","12827","David Swezey","5183616715","http://swezeyviewfarm.com","Mon-Thur 10am-7pm, Fri-Sun 9am-4pm","Year-round","YR","Y","N","N","Y","N","43.389","-73.38693","POINT (-73.38693 43.389)"
"Wayne","Curbside Market-The Gardens at Town Ctr","100 Greece Center Dr","100 Greece Center Drive","Rochester","NY","14612","Mitch Gruber","5853283380","http://www.foodlinkny.org","Tue 10:30am-11am","Year-round","YR","Y","Y","N","Y","N","43.25096","-77.69214","POINT (-77.69214 43.25096)"
"Wayne","Ginegaw Park Farmers' Market","1980 Route 441 Walworth","1980 route 441","Walworth","NY","14568","Jacqueline VanLare","3159861400","http://www.townofwalworthny.gov","Tue 3:30pm-6:30pm","June 23-October 6","M","Y","N","N","Y","N","43.1391","-77.28549","POINT (-77.28549 43.1391)"
"Wayne","Lagoner Farm Stand","6895 Lake Ave.","6895 lake Ave","williamson","NY","14589","Jacob Lagoner","3159044109","http://www.lagonerfarms.com","Daily 9am-7pm","Year-round","YR","N","N","N","Y","N","43.24852","-77.18646","POINT (-77.18646 43.24852)"
"Wayne","LaMora Farms Farm Stand","5905 Ontario Center Rd Ontario","5925 Ontario Center Road","Ontario","NY","14519","Earl LaMora","3155210349","http://www.lamorafarms.com","Daily 8am-8pm","June 1-October 31","M","Y","N","N","Y","N","43.21573","-77.30373","POINT (-77.30373 43.21573)"
"Wayne","Lyons Farmers' Market","Village Square 26 Church St","26 Church Street","Lyons","NY","14489","Adam Bullock","3159454118","https://www.lyonsny.org/farmersmarket","Sat 8am-12pm","June 20-October 31","M","Y","N","N","Y","N","43.06383","-76.99287","POINT (-76.99287 43.06383)"
"Wayne","Newark Farmers' Market","100 Church St","100 Church St","Newark","NY","14513","Dee Bodine","3158791121",,"Thu 4pm-7pm","June 11-October 29","M","Y","N","N","Y","N","43.04474","-77.09409","POINT (-77.09409 43.04474)"
"Wayne","Sodus Farmers' Market","Sodus Methodist Church Lot, 58 W Main St","58 West Main St","Sodus","NY","14551","Gloria Mayou","5852550265","https://www.sutmc.org/sodus-farmers-market","Wed 2:30pm-6pm","June 10-October 7","M","Y","Y","Y","Y","N","43.23615","-77.06587","POINT (-77.06587 43.23615)"
"Wayne","The Apple Shed Farm Stand","3391 Fairville Maple Ridge Rd Newark","3391 Fairville Maple Ridge Rd","Newark","NY","14513","Barbara Wells","3153316294","http://www.theappleshed.com","Daily 10am-5pm","July 17-December 20","M/X","Y","N","N","Y","N","43.12967","-77.09774","POINT (-77.09774 43.12967)"
"Wayne","Village of Palmyra Farmers' Market","Village Park 155 E Main St","155 East Main Street","Palmyra","NY","14522","Sheila Koberle","3155975276","https://www.palmyravillageny.gov/","Wed 4pm-7pm","June 3-October 7","M","Y","N","N","Y","N","43.06366","-77.2323","POINT (-77.2323 43.06366)"
"Westchester","Amato Farm Stand","121 Rt 100 Katonah","121 Rt 100","Katonah","NY","10536","Christina Amato","9142324772",,"Daily 10am-6pm","July 1-October 18","M","Y","N","N","Y","N","41.279","-73.7077","POINT (-73.7077 41.279)"
"Westchester","Bowen Farm Stand","14 N Columbus Ave Mt. Vernon","14 North Columbus Ave.","Mount Vernon","NY","10553","Ruth Crosby","9144821749",,"Thu-Sat 11am-7pm","July 16-November 30","M","Y","N","N","Y","N","40.9125","-73.82372","POINT (-73.82372 40.9125)"
"Westchester","Bronxville Farmers' Market","Maltby Parking Lot 1 Stone Pl","1 Stone Place","Bronxville","NY","10708","Pascale Le Draoulec","9148063380","https://www.bronxvillefarmersmkt.org/","Sat 8:30am-1pm","May 9-November 21","P/M","Y","Y","N","Y","Y","40.94076","-73.83693","POINT (-73.83693 40.94076)"
"Westchester","Chappaqua Farmers' Market","Chappaqua Train Station, 108 Allen Place","108 Allen Place","Chappaqua","NY","10514","Pascale Le Draoulec","9148063380","http://chappaquafarmersmarket.org","Sat 8:30am-1pm","May 9-December 19","P/M/X","Y","Y","N","Y","N","41.158667","-73.774039","POINT (-73.774039 41.158667)"
"Westchester","Hastings Farmers' Market","131 Southside Ave , Hastings on Hudson MTA Lot","131 Southside Ave.","Hastings","NY","10706","Pascale Le Draoulec","9148063380","http://www.hastingsfarmersmarket.org","Sat 8:30am-1pm","June 6-November 21","M","Y","Y","N","Y","Y","40.99561","-73.88317","POINT (-73.88317 40.99561)"
"Westchester","Hastings WINTER Farmers' Market","131 Southside Ave , Lot across from Hastings on Hudson Metro-North Station","131 Southside Ave","Hastings on Hudson","NY","10706","Pascale Le Draoulec","9148063380","http://www.hastingsfarmersmarket.org","Sat 9:30am-1pm, 1st and 3rd Sat","December 6-May 23, 2026","X/W/P","N","Y","N","Y","N","40.99371","-73.88322","POINT (-73.88322 40.99371)"
"Westchester","Hilltop Hanover Farm Farm Stand","1271 Hanover St Yorktown Heights","1271 Hanover Street","Yorktown Heights","NY","10598","Andrew Tedder","9148625002","http://www.hilltophanoverfarm.org","Thu-Sun 10am-4pm","April 30-November 26","P/M","Y","Y","N","Y","N","41.25159","-73.7724","POINT (-73.7724 41.25159)"
"Westchester","Irvington Farmers' Market","101 Main St","101 Main St","Irvington","NY","10533","Pascale Le Draoulec","9148063380","http://theirvingtonfarmersmarket.org","Sun 9am-1:30pm","June 7-November 22","M","Y","Y","N","Y","N","41.039046","-73.866942","POINT (-73.866942 41.039046)"
"Westchester","Larchmont Farmers' Market","Metro North lot off Chatsworth Ave, 122 Myrtle Blvd","122 Myrtle Blvd. Metro-North parking deck off Chatsworth Avenue","Larchmont","NY","10538","Michael Steigman","9149234837","http://www.downtoearthmarkets.com","Sat 8:30am-1pm","April 4-December 19","P/M/X","Y","Y","Y","Y","N","40.93322","-73.75951","POINT (-73.75951 40.93322)"
"Westchester","North Salem Farmers' Market","3 Back St Croton Falls","3 Back Street","Croton Falls","NY","06776","Jonas Andersen","9083072728",,"Sat 9am-1pm","May 9-October 10","P/M","Y","N","N","Y","N","41.34942","-73.6642","POINT (-73.6642 41.34942)"
"Westchester","Ossining Farmers' Market","15 Spring St","15 Spring St","Ossining","NY","10562","Michael Steigman","9149234837","http://www.downtoearthmarkets.com","Sat 8:30am-1pm","May 2-December 19","P/M/X","Y","Y","Y","Y","N","41.16065","-73.86353","POINT (-73.86353 41.16065)"
"Westchester","Peekskill Street Market Farm Stand","1 Bank St Peekskill","1 Bank Street","Peekskill","NY","10566","Benjamin Fisher","7174494866",,"Sat 9am-2pm","June 6-November 21","M","Y","Y","N","Y","N","41.29098","-73.91885","POINT (-73.91885 41.29098)"
"Westchester","Pelham Farmers' Market","Town Hall Park Harmon & Fifth Aves","Harmon Avenue at 5th Avenue","Pelham","NY","10803","Pascale Le Draoulec","9148063380",,"Sun 9:30am-1pm","May 10-November 22","P/M","Y","N","N","Y","N","40.91075","-73.80995","POINT (-73.80995 40.91075)"
"Westchester","Pleasantville Farmers' Market","Memorial Plaza Parking Lot, off Manville Rd next to Train Station","Manville Rd and Wheeler Ave","Pleasantville","NY","10570","Harris Kaye","9142054545","http://www.pleasantvillefarmersmarket.org","Sat 8:30am-1pm","April 4-December 26","P/M/X","Y","Y","N","Y","N","41.13526","-73.79218","POINT (-73.79218 41.13526)"
"Westchester","Rye Farmers' Market","Theodore Fremd Ave Lot","9 Theodore Fremd Ave","Rye","NY","10580","Michael Steigman","9149234837","http://www.downtoearthmarkets.com","Sun 8:30am-1pm","April 26-November 2","P/M","Y","Y","Y","Y","N","40.98485","-73.68464","POINT (-73.68464 40.98485)"
"Westchester","Saint John's Church Farmers' Market","Church Courtyard 1 Hudson St Yonkers","1 Hudson Street","Yonkers","NY","10701","Tara Seeley","9146933033",,"Thu 8am-4pm","July 9-October 29","M","Y","N","N","Y","N","40.93364","-73.89879","POINT (-73.89879 40.93364)"
"Westchester","Scarsdale Farmers' Market","Chase Rd & Spencer Pl","Chase Road and Spencer Place","Scarsdale","NY","10583","Michael Steigman","9149234837","http://downtoearthmarkets.com","Sun 8:30am-1:30pm","May 3-November 22","P/M","Y","Y","Y","Y","N","40.98964","-73.80634","POINT (-73.80634 40.98964)"
"Westchester","TaSH Farmers' Market","Patriots Park Rt 9 Tarrytown","Patriots Park Route 9","Sleepy Hollow","NY","10591","Linda Eder","9142650745","http://www.tashfarmersmarket.org","Sat 8:30am-1:30pm","May 9-December 5","P/M/X","Y","Y","N","Y","N","41.08525","-73.85924","POINT (-73.85924 41.08525)"
"Westchester","TaSH Winter Farmers' Market","154 Broadway Tarrytown, John Paulding School","154 Broadway","Tarrytown","NY","10591","Linda Eder","9142650745","http://www.tashfarmersmarket.org","Sat 9am-12:30pm","January 11-April 26","W/P","N","N","N","Y","N","41.0818","-73.85807","POINT (-73.85807 41.0818)"
"Wyoming","Burley Berries Farm Stand","6335 Route 20A E Warsaw","6335 Route 20A East","Warsaw","NY","14569","Megan Burley","8146480178",,"Daily 10am-7pm","Year-round","YR","Y","N","N","Y","N","42.74407","-78.06216","POINT (-78.06216 42.74407)"
"Wyoming","Merle's Fresh Produce Farm Stand","1408 Creek Rd Route 98 Attica","1408 Creek Road","Attica","NY","14011","Ashley Merle","5857081465",,"Mon-Sat 10am-6pm","June 1-December 31","M/X","Y","N","N","Y","N","42.81336","-78.30333","POINT (-78.30333 42.81336)"
"Wyoming","Perry Farmers' Market","Perry Festival Plaza , 36-38 S Main St","Main St and Borden Ave","Perry","NY","14530","Rick Hauser","5859913893","http://www.perryfarmersmarket.com","Sat 8:30am-12:30pm","June 20-September 26","M","Y","Y","Y","Y","N","42.71842","-78.00218","POINT (-78.00218 42.71842)"
"Yates","Keuka Trail Farm Stand","3554 Darby's Corners Rd Branchport","3554 Darby's Corners Rd.","Branchport","NY","14418","Mathew Cramer","3156942934",,"Tue-Thu 10am-5pm, Fri-Sat 9am-4pm","April 1-October 31","P/M","Y","N","N","Y","N","42.59296","-77.18803","POINT (-77.18803 42.59296)"
"Yates","Penn Yan Farmers' Market","417 Liberty St","Jacob Street and Main Street","Penn Yan","NY","14527","Rivka Davis","6072435234",,"Sat 8am-12:30pm","June 20-October 17","M","Y","N","N","Y","N","42.66095","-77.05365","POINT (-77.05365 42.66095)"
"Yates","The Windmill Farmers' Market","3900 Rte 14A Hobson Rd Penn Yan","3900 State Route 14A","Penn Yan","NY","14527","Stephen D. Wilson","3155363032","http://www.thewindmill.com","Sat 8am-4:30pm","April 18-November 28","P/M","Y","N","N","Y","N","42.57687","-77.03609","POINT (-77.03609 42.57687)"
